species_number,adore_species_number,latin_name,resolved_name,ecotox_group,tax_group,n_records_field,n_records_adore,in_adore_processed,in_adore_public,in_phylo,in_deb
5,5,Daphnia magna,Daphnia magna,Crustaceans;Standard Test Species,crusta,12157,7260,1,1,1,1
4,4,Oncorhynchus mykiss,Oncorhynchus mykiss,Fish;Standard Test Species;U.S. Threatened and Endangered Species,fish,11555,5985,1,1,1,1
1,1,Pimephales promelas,Pimephales promelas,Fish;Standard Test Species,fish,9200,5831,1,1,1,1
2,2,Lepomis macrochirus,Lepomis macrochirus,Fish;Standard Test Species,fish,7005,4592,1,1,1,1
58471,58471,Raphidocelis subcapitata,Raphidocelis subcapitata,Algae;Standard Test Species,algae,3197,1793,1,0,0,0
20,20,Ictalurus punctatus,Ictalurus punctatus,Fish;Standard Test Species,fish,2571,1309,1,1,1,1
5156,5156,Danio rerio,Danio rerio,Fish;Standard Test Species,fish,2528,743,1,1,1,1
21,21:1520:3020,Cyprinus carpio,Cyprinus carpio,Fish;Standard Test Species,fish,2221,1527,1,1,1,1
2371,2371,Ceriodaphnia dubia,Ceriodaphnia dubia,Crustaceans;Standard Test Species,crusta,2175,1114,1,0,0,1
109,109,Oryzias latipes,Oryzias latipes,Fish;Standard Test Species,fish,1743,952,1,1,1,1
25,25,Carassius auratus,Carassius auratus,Fish;Standard Test Species,fish,1656,940,1,1,1,1
28,28,Poecilia reticulata,Poecilia reticulata,Fish;Standard Test Species,fish,1651,1113,1,1,1,1
52,52,Hyalella azteca,Hyalella azteca,Crustaceans;Standard Test Species,crusta,1583,504,1,0,0,1
142,142,Americamysis bahia,Americamysis bahia,Crustaceans;Standard Test Species,crusta,1447,1068,1,0,0,1
8,8,Daphnia pulex,Daphnia pulex,Crustaceans;Standard Test Species,crusta,1432,847,1,1,1,1
230,,Aedes aegypti,Aedes aegypti,Insects/Spiders;Standard Test Species,other,1375,0,0,0,0,0
86,86,Cyprinodon variegatus,Cyprinodon variegatus,Fish;Standard Test Species,fish,1348,913,1,1,1,1
23,23,Oncorhynchus kisutch,Oncorhynchus kisutch,Fish;Standard Test Species;U.S. Threatened and Endangered Species,fish,1119,621,1,1,1,1
397,,Culex quinquefasciatus,Culex quinquefasciatus,Insects/Spiders,other,1109,0,0,0,0,0
206,,Xenopus laevis,Xenopus laevis,Amphibians;Standard Test Species;U.S. Invasive Species,other,1085,0,0,0,0,0
16,16:2298,Gambusia affinis,Gambusia affinis,Fish,fish,1065,852,1,1,1,1
1799,,Lemna gibba,Lemna gibba,"Flowers, Trees, Shrubs, Ferns;Standard Test Species",other,983,0,0,0,0,0
59,59:4632,Morone saxatilis,Morone saxatilis,Fish,fish,949,594,1,1,1,1
507,,Lemna minor,Lemna minor,"Flowers, Trees, Shrubs, Ferns;Standard Test Species;U.S. Invasive Species",other,893,0,0,0,0,0
484,,Tetrahymena pyriformis,Tetrahymena pyriformis,Other Invertebrates;Standard Test Species,other,891,0,0,0,0,0
3,3,Salvelinus fontinalis,Salvelinus fontinalis,Fish;Standard Test Species,fish,886,582,1,1,1,1
65263,,Palaemon pugio,Palaemonetes pugio,Crustaceans;Standard Test Species,crusta,852,0,0,0,0,1
964,,Chironomus riparius,Chironomus riparius,Insects/Spiders;Standard Test Species,other,850,0,0,0,0,0
309,309,Skeletonema costatum,Skeletonema costatum,Algae;Standard Test Species,algae,817,365,1,0,0,0
366,366,Artemia salina,Artemia salina,Crustaceans,crusta,805,439,1,0,1,0
22,22,Oncorhynchus tshawytscha,Oncorhynchus tshawytscha,Fish;Standard Test Species;U.S. Threatened and Endangered Species,fish,712,334,1,1,1,1
34,34:11611:11783:32408:32409,Oncorhynchus clarkii,Oncorhynchus clarkii,Fish,fish,700,567,1,0,1,0
532,,Tubifex tubifex,Tubifex tubifex,Worms;Standard Test Species,other,670,0,0,0,0,0
482,,Algae,Algae,Algae,algae,644,0,0,0,0,0
17449,17449,Desmodesmus subspicatus,Desmodesmus subspicatus,Algae;Standard Test Species,algae,630,406,1,0,0,0
479,479:17520,Chlorella vulgaris,Chlorella vulgaris,Algae;Standard Test Species,algae,623,220,1,1,1,0
84,84,Petromyzon marinus,Petromyzon marinus,Fish;U.S. Invasive Species,fish,617,66,1,1,1,1
57,57,Fundulus heteroclitus,Fundulus heteroclitus,Fish;Standard Test Species,fish,593,378,1,1,1,1
67,,Crassostrea virginica,Crassostrea virginica,Molluscs;Standard Test Species,other,588,0,0,0,0,0
49,49:2385:4757,Salmo trutta,Salmo trutta,Fish;Standard Test Species,fish,576,311,1,1,1,1
352,352,Heteropneustes fossilis,Heteropneustes fossilis,Fish,fish,572,472,1,0,1,0
7,7,Gammarus fasciatus,Gammarus fasciatus,Crustaceans;Standard Test Species,crusta,570,431,1,0,1,0
82,82,Salvelinus namaycush,Salvelinus namaycush,Fish;Standard Test Species,fish,567,307,1,1,1,1
426,426,Chlorella pyrenoidosa,Chlorella pyrenoidosa,Algae,algae,566,296,1,0,0,0
81,,Chironomus plumosus,Chironomus plumosus,Insects/Spiders,other,557,0,0,0,0,0
134,134,Oreochromis mossambicus,Oreochromis mossambicus,Fish,fish,549,451,1,1,1,1
372,372,Gammarus pulex,Gammarus pulex,Crustaceans;Standard Test Species,crusta,549,398,1,1,1,1
85,,Chironomus tentans,Chironomus tentans,Insects/Spiders;Standard Test Species,other,523,0,0,0,0,0
14,14,Rasbora heteromorpha,Rasbora heteromorpha,Fish,fish,512,346,1,0,0,0
38,38,Perca flavescens,Perca flavescens,Fish,fish,498,259,1,1,1,1
68,68,Salmo salar,Salmo salar,Fish;Standard Test Species;U.S. Threatened and Endangered Species,fish,479,292,1,1,1,1
318,318,Chlamydomonas reinhardtii,Chlamydomonas reinhardtii,Algae;Standard Test Species,algae,476,238,1,1,1,0
485,485,Oreochromis niloticus,Oreochromis niloticus,Fish,fish,466,363,1,1,1,1
1747,,Brachionus calyciflorus,Brachionus calyciflorus,Other Invertebrates;Standard Test Species,other,463,0,0,0,0,0
418,418,Channa punctata,Channa punctata,Fish,fish,452,369,1,1,1,1
89,89,Micropterus salmoides,Micropterus salmoides,Fish,fish,451,269,1,1,1,1
27,27,Gammarus pseudolimnaeus,Gammarus pseudolimnaeus,Crustaceans;Standard Test Species,crusta,444,296,1,1,1,1
374,,Lampsilis siliquoidea,Lampsilis siliquoidea,Molluscs,other,439,0,0,0,0,0
9942,,Pteronarcys californica,Pteronarcys californica,Insects/Spiders,other,431,0,0,0,0,0
648,648,Macrobrachium rosenbergii,Macrobrachium rosenbergii,Crustaceans,crusta,421,226,1,0,1,0
4764,,Dugesia japonica,Dugesia japonica,Worms,other,411,0,0,0,0,0
421,421,Artemia sp.,Artemia sp.,Crustaceans,crusta,394,316,1,0,0,0
1770,,Aedes albopictus,Aedes albopictus,Insects/Spiders;U.S. Invasive Species,other,389,0,0,0,0,0
698,,Bufo bufo ssp. japonicus,Bufo bufo ssp. japonicus,Amphibians,other,377,0,0,0,0,0
577,,Biomphalaria glabrata,Biomphalaria glabrata,Molluscs,other,371,0,0,0,0,0
202,202,Labeo rohita,Labeo rohita,Fish,fish,349,278,1,0,1,0
210,,Culex pipiens,Culex pipiens,Insects/Spiders,other,349,0,0,0,0,0
58477,58477,Selenastrum capricornutum,Selenastrum capricornutum,Algae;Standard Test Species,algae,346,141,1,0,0,0
487,487,Scenedesmus quadricauda,Scenedesmus quadricauda,Algae;Standard Test Species,algae,335,138,1,0,0,0
17854,2999:17854,Scenedesmus acutus var. acutus,Scenedesmus acutus var. acutus,Algae,algae,323,234,1,0,0,0
30,30,Lepomis cyanellus,Lepomis cyanellus,Fish;Standard Test Species,fish,311,205,1,1,1,1
39,39,Palaemonetes kadiakensis,Palaemonetes kadiakensis,Crustaceans,crusta,301,176,1,0,0,0
1847,,Culex pipiens ssp. pallens,Culex pipiens ssp. pallens,Insects/Spiders,other,300,0,0,0,0,0
6,6,Gammarus lacustris,Gammarus lacustris,Crustaceans;Standard Test Species,crusta,299,263,1,0,1,0
11779,11779,Litopenaeus vannamei,Penaeus vannamei,Crustaceans,crusta,299,171,1,0,0,0
901,901,Moina macrocopa,Moina macrocopa,Crustaceans,crusta,299,117,1,0,0,1
5473,5473,Lepeophtheirus salmonis,Lepeophtheirus salmonis,Crustaceans,crusta,298,75,1,1,1,1
1194,,Rhinella arenarum,Rhinella arenarum,Amphibians,other,298,0,0,0,0,0
471,471,Anabaena flosaquae,Anabaena flosaquae,Algae;Standard Test Species,algae,297,80,1,0,0,0
2422,,Anopheles stephensi,Anopheles stephensi,Insects/Spiders,other,297,0,0,0,0,0
345,,Brachionus plicatilis,Brachionus plicatilis,Other Invertebrates;Standard Test Species,other,293,0,0,0,0,0
4768,,Tetrahymena thermophila,Tetrahymena thermophila,Other Invertebrates;Standard Test Species,other,293,0,0,0,0,0
376,376,Acartia tonsa,Acartia tonsa,Crustaceans;Standard Test Species,crusta,292,152,1,0,0,0
4752,146:4752,Leuciscus idus ssp. melanotus,Leuciscus idus ssp. melanotus,Fish,fish,283,315,1,0,1,0
609,609,Asellus aquaticus,Asellus aquaticus,Crustaceans,crusta,279,193,1,1,1,1
1640,,Lymnaea acuminata,Lymnaea acuminata,Molluscs,other,278,0,0,0,0,0
97,97,Gasterosteus aculeatus,Gasterosteus aculeatus,Fish;Standard Test Species,fish,277,210,1,1,1,1
59362,,Fistulifera pelliculosa,Fistulifera pelliculosa,Algae;Standard Test Species,algae,274,0,0,0,1,0
294,,Lymnaea stagnalis,Lymnaea stagnalis,Molluscs;Standard Test Species,other,274,0,0,0,0,0
579,579,Channa orientalis,Channa orientalis,Fish,fish,269,259,1,0,1,0
102,102,Procambarus clarkii,Procambarus clarkii,Crustaceans,crusta,269,197,1,0,1,0
422,422,Cirrhinus mrigala,Cirrhinus mrigala,Fish,fish,268,176,1,0,1,0
1342,1342,Corophium volutator,Corophium volutator,Crustaceans;Standard Test Species,crusta,263,170,1,0,0,1
4403,4403,Microcystis aeruginosa,Microcystis aeruginosa,Algae;Standard Test Species,algae,263,85,1,1,1,0
1087,,Myriophyllum spicatum,Myriophyllum spicatum,"Flowers, Trees, Shrubs, Ferns;Standard Test Species;U.S. Invasive Species",other,262,0,0,0,0,0
2638,2638,Thamnocephalus platyurus,Thamnocephalus platyurus,Crustaceans,crusta,260,141,1,0,0,0
640,,Lumbriculus variegatus,Lumbriculus variegatus,Worms;Standard Test Species,other,259,0,0,0,0,0
114,,Philodina acuticornis,Philodina acuticornis,Other Invertebrates,other,257,0,0,0,0,0
407,407,Notopterus notopterus,Notopterus notopterus,Fish,fish,255,245,1,1,1,1
11,11,Crangon crangon,Crangon crangon,Crustaceans,crusta,252,100,1,1,1,1
716,,Scolelepis fulginosa,Scolelepis fulginosa,Worms,other,251,0,0,0,0,0
4594,962:4594:11172,Chlorella fusca var. vacuolata,Chlorella fusca var. vacuolata,Algae,algae,249,201,1,0,0,0
330,330,Phaeodactylum tricornutum,Phaeodactylum tricornutum,Algae;Standard Test Species,algae,247,52,1,1,1,0
2599,2599,Ptychocheilus lucius,Ptychocheilus lucius,Fish;U.S. Threatened and Endangered Species,fish,240,167,1,1,1,1
298,298,Dunaliella tertiolecta,Dunaliella tertiolecta,Algae;Standard Test Species,algae,240,79,1,0,0,0
4647,4647,Thalassiosira pseudonana,Thalassiosira pseudonana,Algae;Standard Test Species,algae,237,100,1,1,1,0
224,,Neanthes arenaceodentata,Neanthes arenaceodentata,Worms;Standard Test Species,other,236,0,0,0,0,0
669,669,Streptocephalus proboscideus,Streptocephalus proboscideus,Crustaceans,crusta,235,224,1,0,0,0
113,113,Clarias batrachus,Clarias batrachus,Fish,fish,232,176,1,0,1,0
218,,Dreissena polymorpha,Dreissena polymorpha,Molluscs;U.S. Invasive Species,other,232,0,0,0,0,0
341,341,Menidia beryllina,Menidia beryllina,Fish;Standard Test Species,fish,231,154,1,1,1,1
18447,,Chironomus dilutus,Chironomus dilutus,Insects/Spiders;Standard Test Species,other,230,0,0,0,0,0
388,388,Penaeus japonicus,Penaeus japonicus,Crustaceans,crusta,227,202,1,1,1,1
1049,,Culex pipiens ssp. quinquefasciata,Culex pipiens ssp. quinquefasciata,Insects/Spiders,other,226,0,0,0,0,0
697,,Indoplanorbis exustus,Indoplanorbis exustus,Molluscs,other,226,0,0,0,0,0
101,101,Jordanella floridae,Jordanella floridae,Fish;Standard Test Species,fish,225,114,1,1,1,1
212,212,Nitocra spinipes,Nitocra spinipes,Crustaceans;Standard Test Species,crusta,221,167,1,0,0,0
157,,Cloeon dipterum,Cloeon dipterum,Insects/Spiders,other,220,0,0,0,0,0
375,375,Menidia menidia,Menidia menidia,Fish;Standard Test Species,fish,219,164,1,1,1,1
219,219,Oncorhynchus gorbuscha,Oncorhynchus gorbuscha,Fish,fish,219,156,1,1,1,1
133,133,Ameiurus melas,Ameiurus melas,Fish,fish,218,131,1,1,1,1
252,252,Penaeus monodon,Penaeus monodon,Crustaceans,crusta,214,144,1,0,1,0
652,652,Palaemonetes sp.,Palaemonetes sp.,Crustaceans,crusta,213,202,1,0,0,0
339,339,Cancer magister,Cancer magister,Crustaceans,crusta,211,137,1,0,0,0
575,,Crassostrea gigas,Crassostrea gigas,Molluscs;Standard Test Species,other,207,0,0,0,0,0
10300,,Spirostomum ambiguum,Spirostomum ambiguum,Other Invertebrates,other,206,0,0,0,0,0
112,112,Notemigonus crysoleucas,Notemigonus crysoleucas,Fish,fish,205,108,1,1,1,1
326,326,Isochrysis galbana,Isochrysis galbana,Algae,algae,205,57,1,1,1,0
196,196,Pimephales notatus,Pimephales notatus,Fish,fish,204,147,1,1,1,1
311,311,Chlorella sp.,Chlorella sp.,Algae,algae,202,54,1,0,0,0
240,240,Daphnia carinata,Daphnia carinata,Crustaceans,crusta,201,121,1,0,0,0
1874,1874,Paralichthys olivaceus,Paralichthys olivaceus,Fish,fish,200,105,1,0,1,0
886,,Capitella capitata,Capitella capitata,Worms;Standard Test Species,other,199,0,0,0,0,0
11462,,Myriophyllum sibiricum,Myriophyllum sibiricum,"Flowers, Trees, Shrubs, Ferns",other,198,0,0,0,0,0
1632,1632,Colisa fasciata,Colisa fasciata,Fish,fish,196,179,1,0,0,0
131,131,Esox lucius,Esox lucius,Fish;Standard Test Species,fish,196,86,1,1,1,1
71,71,Mugil cephalus,Mugil cephalus,Fish,fish,195,171,1,1,1,1
1444,,Viviparus bengalensis,Viviparus bengalensis,Molluscs,other,192,0,0,0,0,0
391,391,Anguilla japonica,Anguilla japonica,Fish,fish,186,151,1,1,1,1
18595,,Girardia tigrina,Girardia tigrina,Worms;Standard Test Species,other,184,0,0,0,0,0
110,110,Leiostomus xanthurus,Leiostomus xanthurus,Fish;Standard Test Species,fish,183,141,1,0,1,0
572,572,Gibelion catla,Gibelion catla,Fish,fish,183,119,1,0,0,0
346,346,Homarus americanus,Homarus americanus,Crustaceans,crusta,182,100,1,1,1,1
201,201,Ctenopharyngodon idella,Ctenopharyngodon idella,Fish;U.S. Invasive Species,fish,180,140,1,1,1,1
49914,49914,Farfantepenaeus duorarum,Penaeus duorarum,Crustaceans;Standard Test Species,crusta,178,138,1,0,0,0
76,76,Callinectes sapidus,Callinectes sapidus,Crustaceans;Standard Test Species,crusta,178,88,1,0,1,0
1520,21:1520:3020,Cyprinus carpio ssp. communis,Cyprinus carpio ssp. communis,Fish,fish,178,0,0,0,0,0
358,,Lithobates pipiens,Lithobates pipiens,Amphibians;Standard Test Species,other,178,0,0,0,0,0
2617,2617,Xyrauchen texanus,Xyrauchen texanus,Fish;U.S. Threatened and Endangered Species,fish,177,112,1,1,1,1
283,283,Catostomus commersoni,Catostomus commersonii,Fish;Standard Test Species,fish,167,75,1,0,0,0
199,,Cipangopaludina malleata,Cipangopaludina malleata,Molluscs,other,164,0,0,0,0,0
1673,,Culex nigripalpus,Culex nigripalpus,Insects/Spiders,other,163,0,0,0,0,0
4755,4755,Pagrus major,Pagrus major,Fish,fish,162,92,1,0,1,0
2341,2341,Chaetogammarus marinus,Chaetogammarus marinus,Crustaceans,crusta,162,66,1,0,1,0
19218,,Culicoides furens,Culicoides furens,Insects/Spiders,other,162,0,0,0,0,0
4600,,Villosa iris,Villosa iris,Molluscs,other,162,0,0,0,0,0
122,,Chironomus sp.,Chironomus sp.,Insects/Spiders;Standard Test Species,other,161,0,0,0,0,0
2297,,Lemna aequinoctialis,Lemna aequinoctialis,"Flowers, Trees, Shrubs, Ferns",other,160,0,0,0,0,0
899,,Physella acuta,Physella acuta,Molluscs,other,160,0,0,0,0,0
308,308,Mystus vittatus,Mystus vittatus,Fish,fish,157,128,1,0,1,0
347,347,Crangon septemspinosa,Crangon septemspinosa,Crustaceans;Standard Test Species,crusta,156,95,1,0,0,0
208,,Mytilus edulis,Mytilus edulis,Molluscs;Standard Test Species,other,154,0,0,0,0,0
4810,4810,Gila elegans,Gila elegans,Fish;U.S. Threatened and Endangered Species,fish,149,81,1,1,1,1
2999,2999:17854,Scenedesmus acutus,Scenedesmus acutus,Algae;Standard Test Species,algae,147,0,0,0,0,0
1460,1460,Paratya australiensis,Paratya australiensis,Crustaceans,crusta,146,70,1,0,1,0
5940,,Utterbackia imbecillis,Utterbackia imbecillis,Molluscs;Standard Test Species,other,145,0,0,0,0,0
2079,2079,Clarias gariepinus,Clarias gariepinus,Fish,fish,144,93,1,1,1,1
4637,,Physa heterostropha,Physa heterostropha,Molluscs;Standard Test Species,other,144,0,0,0,0,0
12,,Cerastoderma edule,Cerastoderma edule,Molluscs,other,143,0,0,0,0,0
898,,Semisulcospira libertina,Semisulcospira libertina,Molluscs,other,140,0,0,0,0,0
3056,3056,Sander vitreus,Sander vitreus,Fish,fish,139,87,1,1,1,1
751,,Isonychia sp.,Isonychia sp.,Insects/Spiders,other,136,0,0,0,0,0
978,,Myriophyllum aquaticum,Myriophyllum aquaticum,"Flowers, Trees, Shrubs, Ferns;U.S. Invasive Species",other,135,0,0,0,0,0
304,,Macoma balthica,Macoma balthica,Molluscs,other,134,0,0,0,0,0
2449,2449,Cypris subglobosa,Cypris subglobosa,Crustaceans,crusta,133,113,1,0,0,0
2461,2461,Scylla serrata,Scylla serrata,Crustaceans,crusta,132,99,1,0,1,0
39433,,Agalychnis callidryas,Agalychnis callidryas,Amphibians,other,131,0,0,0,0,0
3045,3045,Fenneropenaeus penicillatus,Fenneropenaeus penicillatus,Crustaceans,crusta,130,116,1,0,0,0
4598,4598,Tanichthys albonubes,Tanichthys albonubes,Fish,fish,129,113,1,0,1,0
736,736,Oncorhynchus keta,Oncorhynchus keta,Fish;U.S. Threatened and Endangered Species,fish,128,93,1,1,1,1
1009,1009,Penaeus indicus,Penaeus indicus,Crustaceans,crusta,127,102,1,0,0,0
55,,Mercenaria mercenaria,Mercenaria mercenaria,Molluscs;Standard Test Species,other,126,0,0,0,0,0
445,445,Chasmichthys dolichognathus,Chasmichthys dolichognathus,Fish,fish,125,109,1,0,0,0
53,53,Orconectes nais,Orconectes nais,Crustaceans,crusta,125,85,1,0,0,0
27853,27853,Pseudosida ramosa,Pseudosida ramosa,Crustaceans,crusta,122,122,1,0,0,0
18950,,Aquarana catesbeiana,Aquarana catesbeiana,Amphibians;U.S. Invasive Species,other,122,0,0,0,0,0
574,574,Anguilla anguilla,Anguilla anguilla,Fish,fish,120,114,1,1,1,1
973,973,Simocephalus vetulus,Simocephalus vetulus,Crustaceans,crusta,120,73,1,0,0,0
233,,Limnodrilus hoffmeisteri,Limnodrilus hoffmeisteri,Worms,other,120,0,0,0,0,0
16179,16179,Salvelinus confluentus,Salvelinus confluentus,Fish;U.S. Threatened and Endangered Species,fish,119,17,1,0,1,0
146,146:4752,Leuciscus idus,Leuciscus idus,Fish,fish,119,0,0,0,1,0
96,96,Lepomis microlophus,Lepomis microlophus,Fish,fish,118,64,1,1,1,1
1230,,Culex pipiens ssp. molestus,Culex pipiens ssp. molestus,Insects/Spiders,other,117,0,0,0,0,0
127,127,Anguilla rostrata,Anguilla rostrata,Fish,fish,115,99,1,0,1,0
54,54,Simocephalus serrulatus,Simocephalus serrulatus,Crustaceans,crusta,115,89,1,0,0,1
11611,34:11611:11783:32408:32409,Oncorhynchus clarkii ssp. henshawi,Oncorhynchus clarkii ssp. henshawi,Fish;U.S. Threatened and Endangered Species,fish,114,0,0,0,0,0
31613,,Euphlyctis hexadactylus,Euphlyctis hexadactylus,Amphibians,other,113,0,0,0,0,0
11660,2547:11660,Oncorhynchus gilae ssp. apache,Oncorhynchus gilae ssp. apache,Fish;U.S. Threatened and Endangered Species,fish,112,59,1,1,1,1
10,10,Carcinus maenas,Carcinus maenas,Crustaceans;Standard Test Species;U.S. Invasive Species,crusta,112,42,1,0,0,1
59434,59434,Holmesimysis costata,Holmesimysis costata,Crustaceans,crusta,112,22,1,0,0,0
104,,Tanytarsus dissimilis,Tanytarsus dissimilis,Insects/Spiders,other,112,0,0,0,0,0
90,90:5780,Oncorhynchus nerka,Oncorhynchus nerka,Fish;U.S. Threatened and Endangered Species,fish,111,77,1,1,1,1
170,170,Daphnia longispina,Daphnia longispina,Crustaceans,crusta,111,73,1,0,0,1
50,50,Caecidotea brevicauda,Caecidotea brevicauda,Crustaceans,crusta,110,72,1,0,0,0
39515,39515,Caligus rogercresseyi,Caligus rogercresseyi,Crustaceans,crusta,110,48,1,0,1,0
387,387,Metapenaeus monoceros,Metapenaeus monoceros,Crustaceans,crusta,108,103,1,0,0,0
1579,,Culex tritaeniorhynchus,Culex tritaeniorhynchus,Insects/Spiders,other,108,0,0,0,0,0
409,409,Fundulus similis,Fundulus similis,Fish;Standard Test Species,fish,107,87,1,0,1,0
745,745,Uca pugilator,Uca pugilator,Crustaceans,crusta,107,41,1,0,0,0
2517,2517,Acipenser transmontanus,Acipenser transmontanus,Fish;U.S. Threatened and Endangered Species,fish,107,25,1,1,1,1
64,64,Carassius carassius,Carassius carassius,Fish,fish,106,83,1,1,1,1
1406,,Aquatic Community,Aquatic Community,Miscellaneous,other,105,0,0,0,0,0
764,,Bufo woodhousei ssp. fowleri,Bufo woodhousei ssp. fowleri,Amphibians,other,105,0,0,0,0,0
410,,Colpidium campylum,Colpidium campylum,Other Invertebrates,other,105,0,0,0,0,0
1146,,Duttaphrynus melanostictus,Duttaphrynus melanostictus,Amphibians,other,104,0,0,0,0,0
11487,98:11487,Navicula seminulum var. hustedtii,Navicula seminulum var. hustedtii,Algae,algae,103,86,1,0,0,0
300,300,Chlorococcum sp.,Chlorococcum sp.,Algae,algae,103,5,1,0,0,0
909,,Elodea canadensis,Elodea canadensis,"Flowers, Trees, Shrubs, Ferns",other,103,0,0,0,0,0
552,552,Anabaena variabilis,Trichormus variabilis,Algae,algae,102,4,1,0,0,0
99,,Hesperoperla pacifica,Hesperoperla pacifica,Insects/Spiders,other,102,0,0,0,0,0
16801,,Xenopus tropicalis,Xenopus tropicalis,Amphibians;Standard Test Species,other,102,0,0,0,0,0
209,,Dugesia dorotocephala,Dugesia dorotocephala,Worms,other,101,0,0,0,0,0
79,,Pteronarcella badia,Pteronarcella badia,Insects/Spiders,other,101,0,0,0,0,0
2807,,Hydra vulgaris,Hydra vulgaris,Other Invertebrates,other,100,0,0,0,0,0
2208,2208,Atherinops affinis,Atherinops affinis,Fish,fish,99,16,1,0,1,0
9992,,Chlorococcales,Chlorococcales,Algae,algae,99,0,0,0,0,0
6108,,Lampsilis fasciola,Lampsilis fasciola,Molluscs,other,99,0,0,0,0,0
997,997,Misgurnus anguillicaudatus,Misgurnus anguillicaudatus,Fish,fish,98,60,1,0,1,0
2389,2389,Macrobrachium lamarrei,Macrobrachium lamarrei,Crustaceans,crusta,97,89,1,0,0,0
2488,2488,Portunus pelagicus,Portunus pelagicus,Crustaceans,crusta,96,61,1,0,0,0
6038,6038,Tigriopus japonicus,Tigriopus japonicus,Crustaceans;Standard Test Species,crusta,95,72,1,0,0,0
126,126,Lepomis gibbosus,Lepomis gibbosus,Fish,fish,95,62,1,0,1,0
211,211,Alburnus alburnus,Alburnus alburnus,Fish;Standard Test Species,fish,94,66,1,0,1,0
241,241,Daphnia pulicaria,Daphnia pulicaria,Crustaceans,crusta,94,45,1,0,0,0
2495,2495,Tilapia zillii,Tilapia zillii,Fish,fish,90,79,1,0,0,0
672,672,Gymnodinium splendens,Gymnodinium splendens,Algae,algae,90,18,1,0,0,0
18149,,Plasmodium falciparum,Plasmodium falciparum,Other Invertebrates,other,90,0,0,0,0,0
3044,3044,Penaeus chinensis,Penaeus chinensis,Crustaceans,crusta,89,71,1,0,1,0
1920,,Lithobates clamitans ssp. clamitans,Lithobates clamitans ssp. clamitans,Amphibians,other,89,0,0,0,0,0
4985,,Rana limnocharis,Rana limnocharis,Amphibians,other,89,0,0,0,0,0
629,629,Procambarus sp.,Procambarus sp.,Crustaceans;Standard Test Species,crusta,88,53,1,0,0,0
271,271,Cottus bairdi,Cottus bairdi,Fish,fish,88,4,1,0,0,0
20050,,Actinonaias ligamentina,Actinonaias ligamentina,Molluscs,other,87,0,0,0,0,0
5593,5593,Cnesterodon decemmaculatus,Cnesterodon decemmaculatus,Fish,fish,86,81,1,0,1,0
31614,,Radix luteola,Radix luteola,Molluscs,other,86,0,0,0,0,0
513,513,Orconectes immunis,Orconectes immunis,Crustaceans,crusta,85,35,1,0,0,0
546,546,Anabaena sp.,Anabaena sp.,Algae,algae,84,34,1,0,0,0
11739,11739,Gobiocypris rarus,Gobiocypris rarus,Fish,fish,84,22,1,0,1,0
1046,,Bufo vulgaris ssp. formosus,Bufo vulgaris ssp. formosus,Amphibians,other,84,0,0,0,0,0
1165,,Paramecium caudatum,Paramecium caudatum,Other Invertebrates,other,84,0,0,0,0,0
2044,2044,Terapon jarbua,Terapon jarbua,Fish,fish,83,65,1,0,1,0
709,,Anopheles albimanus,Anopheles albimanus,Insects/Spiders,other,83,0,0,0,0,0
1186,,Branchiura sowerbyi,Branchiura sowerbyi,Worms;Standard Test Species,other,82,0,0,0,0,0
72,72,Palaemonetes vulgaris,Palaemon vulgaris,Crustaceans;Standard Test Species,crusta,81,58,1,0,0,0
963,963,Ceriodaphnia reticulata,Ceriodaphnia reticulata,Crustaceans,crusta,80,55,1,0,0,0
3004,3004,Artemia franciscana,Artemia franciscana,Crustaceans,crusta,80,44,1,0,1,0
497,497:1320,Ankistrodesmus falcatus,Ankistrodesmus falcatus,Algae,algae,79,32,1,0,0,0
979,979,Anabaena cylindrica,Anabaena cylindrica,Algae,algae,79,14,1,1,1,0
357,,Microhyla ornata,Microhyla ornata,Amphibians,other,79,0,0,0,0,0
1075,,Rana cyanophlyctis,Rana cyanophlyctis,Amphibians,other,79,0,0,0,0,0
867,867,Girella punctata,Girella punctata,Fish,fish,78,78,1,0,1,0
1260,1260:1280,Daphnia galeata,Daphnia galeata,Crustaceans,crusta,78,19,1,0,0,0
1584,1584,Puntius sophore,Puntius sophore,Fish,fish,76,60,1,0,1,0
400,400,Thymallus arcticus,Thymallus arcticus,Fish,fish,76,59,1,0,1,1
732,732,Palaemon elegans,Palaemon elegans,Crustaceans,crusta,76,47,1,0,0,1
238,,Aedes nigromaculis,Aedes nigromaculis,Insects/Spiders,other,76,0,0,0,0,0
480,,Anodonta cygnea,Anodonta cygnea,Molluscs,other,76,0,0,0,0,0
4788,,Culex pipiens ssp. fatigans,Culex pipiens ssp. fatigans,Insects/Spiders,other,76,0,0,0,0,0
28134,,Lithobates sphenocephalus,Lithobates sphenocephalus,Amphibians,other,76,0,0,0,0,0
1043,,Lymnaea sp.,Lymnaea sp.,Molluscs,other,76,0,0,0,0,0
744,,Nereis diversicolor,Nereis diversicolor,Worms,other,76,0,0,0,0,0
4567,,Hediste diversicolor,Hediste diversicolor,Worms,other,75,0,0,0,0,0
630,,Keratella cochlearis,Keratella cochlearis,Other Invertebrates,other,75,0,0,0,0,0
425,,Cyprinidae,Cyprinidae,Fish,fish,74,0,0,0,0,0
41370,,Neocloeon triangulifer,Neocloeon triangulifer,Insects/Spiders,other,74,0,0,0,0,0
106,106,Micropterus dolomieu,Micropterus dolomieu,Fish,fish,73,47,1,1,1,1
2919,,Anopheles gambiae,Anopheles gambiae,Insects/Spiders;Standard Test Species,other,73,0,0,0,0,0
765,,Bufo americanus,Bufo americanus,Amphibians;Standard Test Species,other,73,0,0,0,0,0
444,,Orthetrum albistylum ssp. speciosum,Orthetrum albistylum ssp. speciosum,Insects/Spiders,other,73,0,0,0,0,0
869,,Tubificidae,Tubificidae,Worms,other,73,0,0,0,0,0
1793,,Arbacia punctulata,Arbacia punctulata,Other Invertebrates;Standard Test Species,other,72,0,0,0,0,0
653,,Ophryotrocha diadema,Ophryotrocha diadema,Worms,other,72,0,0,0,0,0
171,171,Chydorus sphaericus,Chydorus sphaericus,Crustaceans,crusta,71,49,1,0,0,1
842,,Anopheles freeborni,Anopheles freeborni,Insects/Spiders,other,71,0,0,0,0,0
2258,2258,Gammarus fossarum,Gammarus fossarum,Crustaceans;Standard Test Species,crusta,70,28,1,1,1,1
4665,4665,Ampelisca abdita,Ampelisca abdita,Crustaceans;Standard Test Species,crusta,70,24,1,0,0,0
586,,Perna viridis,Perna viridis,Molluscs,other,70,0,0,0,0,0
5335,,Baetis tricaudatus,Baetis tricaudatus,Insects/Spiders,other,69,0,0,0,0,0
494,,Biomphalaria alexandrina,Biomphalaria alexandrina,Molluscs,other,69,0,0,0,0,0
2857,,Culex fatigans,Culex fatigans,Insects/Spiders,other,69,0,0,0,0,0
11783,34:11611:11783:32408:32409,Oncorhynchus clarkii ssp. stomias,Oncorhynchus clarkii ssp. stomias,Fish;U.S. Threatened and Endangered Species,fish,69,0,0,0,0,0
2265,,Paratanytarsus parthenogeneticus,Paratanytarsus parthenogeneticus,Insects/Spiders,other,69,0,0,0,0,0
481,481,Lepidocephalichthys thermalis,Lepidocephalichthys thermalis,Fish,fish,68,60,1,0,1,0
490,490,Pagurus longicarpus,Pagurus longicarpus,Crustaceans,crusta,68,57,1,0,0,0
129,129,Pleuronectes platessa,Pleuronectes platessa,Fish,fish,68,33,1,1,1,1
47,47,Scenedesmus sp.,Scenedesmus sp.,Algae,algae,68,4,1,0,0,0
2353,,Lithobates sylvaticus,Lithobates sylvaticus,Amphibians;Standard Test Species,other,68,0,0,0,0,0
633,633,Oziotelphusa senex ssp. senex,Oziotelphusa senex ssp. senex,Crustaceans,crusta,67,66,1,0,0,0
649,649,Eurytemora affinis,Eurytemora affinis,Crustaceans;Standard Test Species,crusta,67,32,1,1,1,1
1618,,Corbicula manilensis,Corbicula manilensis,Molluscs,other,67,0,0,0,0,0
2143,2143,Menidia peninsulae,Menidia peninsulae,Fish;Standard Test Species,fish,66,63,1,0,1,0
123,123,Ptychocheilus oregonensis,Ptychocheilus oregonensis,Fish,fish,66,57,1,1,1,1
1609,1609,Penaeus stylirostris,Penaeus stylirostris,Crustaceans,crusta,66,34,1,0,1,0
94,94,Barbus ticto,Barbus ticto,Fish,fish,65,51,1,0,0,0
1479,1479,Cyclotella meneghiniana,Cyclotella meneghiniana,Algae,algae,65,14,1,0,0,0
1484,1484,Nitzschia palea,Nitzschia palea,Algae,algae,65,14,1,1,1,0
540,,Hydropsyche sp.,Hydropsyche sp.,Insects/Spiders,other,65,0,0,0,0,0
4771,4771,Chasmagnathus granulata,Chasmagnathus granulata,Crustaceans,crusta,64,59,1,0,0,0
70,70,Daphnia sp.,Daphnia sp.,Crustaceans,crusta,64,35,1,0,0,0
247,247,Orconectes limosus,Orconectes limosus,Crustaceans,crusta,64,30,1,0,0,0
4676,4676,Tisbe battagliai,Tisbe battagliai,Crustaceans;Standard Test Species,crusta,64,30,1,0,0,0
1654,1654,Leuresthes tenuis,Leuresthes tenuis,Fish,fish,63,57,1,1,1,1
73,73,Poecilia latipinna,Poecilia latipinna,Fish,fish,63,46,1,1,1,1
1875,1875,Anabaena inaequalis,Anabaena inaequalis,Algae,algae,63,4,1,1,1,0
1569,,Aeolosoma headleyi,Aeolosoma headleyi,Worms,other,63,0,0,0,0,0
5670,,Deleatidium sp.,Deleatidium sp.,Insects/Spiders,other,63,0,0,0,0,0
4424,4424,Leptocheirus plumulosus,Leptocheirus plumulosus,Crustaceans;Standard Test Species,crusta,62,36,1,0,0,0
1977,1977,Psetta maxima,Scophthalmus maximus,Fish,fish,62,13,1,0,0,0
1070,851:1070,Idotea balthica,Idotea baltica,Crustaceans,crusta,62,10,1,0,0,0
1670,,Aedes taeniorhynchus,Aedes taeniorhynchus,Insects/Spiders,other,62,0,0,0,0,0
5973,5973,Neocaridina denticulata,Neocaridina denticulata,Crustaceans,crusta,61,54,1,0,0,0
2174,2174,Gammarus roeseli,Gammarus roeseli,Crustaceans,crusta,61,21,1,0,0,0
6041,,Actinonaias pectorosa,Actinonaias pectorosa,Molluscs,other,61,0,0,0,0,0
6076,,Leptoxis sp.,Leptoxis sp.,Molluscs,other,60,0,0,0,0,0
385,,Mytilus galloprovincialis,Mytilus galloprovincialis,Molluscs;Standard Test Species,other,60,0,0,0,0,0
6082,,Planorbella trivolvis,Planorbella trivolvis,Molluscs,other,60,0,0,0,0,0
5942,5942,Moina irrasa,Moina irrasa,Crustaceans,crusta,59,59,1,0,0,0
43,43,Tinca tinca,Tinca tinca,Fish,fish,59,43,1,1,1,1
351,351,Anabas testudineus,Anabas testudineus,Fish,fish,59,38,1,0,1,0
631,,Brachionus angularis,Brachionus angularis,Other Invertebrates,other,59,0,0,0,0,0
4660,,Hydra viridissima,Hydra viridissima,Other Invertebrates,other,59,0,0,0,0,0
635,,Lamellidens marginalis,Lamellidens marginalis,Molluscs,other,59,0,0,0,0,0
13814,,Osteichthyes,Osteichthyes,Fish,fish,59,0,0,0,0,0
136,136,Trachinotus carolinus,Trachinotus carolinus,Fish,fish,58,45,1,0,1,0
125,125,Morone americana,Morone americana,Fish,fish,58,41,1,1,1,1
5416,5416,Melanotaenia fluviatilis,Melanotaenia fluviatilis,Fish,fish,58,24,1,0,1,0
637,,Musculium transversum,Musculium transversum,Molluscs,other,58,0,0,0,0,0
349,,Mya arenaria,Mya arenaria,Molluscs,other,58,0,0,0,0,0
1784,1784,Acartia clausi,Acartia clausi,Crustaceans;Standard Test Species,crusta,57,40,1,0,0,0
2055,2055,Daphnia similis,Daphnia similis,Crustaceans,crusta,57,34,1,0,0,0
1701,,Ambystoma mexicanum,Ambystoma mexicanum,Amphibians,other,57,0,0,0,0,0
1787,,Anadara granosa,Anadara granosa,Molluscs,other,57,0,0,0,0,0
2029,2029,Crangonyx pseudogracilis,Crangonyx pseudogracilis,Crustaceans,crusta,56,48,1,0,0,0
1485,1485,Anacystis aeruginosa,Anacystis aeruginosa,Algae,algae,56,38,1,0,0,0
4580,4580,Metapenaeus ensis,Metapenaeus ensis,Crustaceans,crusta,56,34,1,0,1,0
528,528,Channa striata,Channa striata,Fish,fish,56,24,1,1,1,1
1213,1213,Aphanius fasciatus,Aphanius fasciatus,Fish,fish,56,14,1,1,1,1
61809,,Corbicula fluminea,Corbicula fluminea,Molluscs;U.S. Invasive Species,other,56,0,0,0,0,0
17068,,Epioblasma capsaeformis,Epioblasma capsaeformis,Molluscs;U.S. Threatened and Endangered Species,other,56,0,0,0,0,0
1095,,Hirudo nipponia,Hirudo nipponia,Worms,other,56,0,0,0,0,0
5799,,Stenonema ithaca,Stenonema ithaca,Insects/Spiders,other,56,0,0,0,0,0
1397,1397,Mugil curema,Mugil curema,Fish,fish,55,51,1,1,1,1
5900,5900,Echinogammarus tibaldii,Echinogammarus tibaldii,Crustaceans,crusta,55,40,1,0,1,0
13,13,Agonus cataphractus,Agonus cataphractus,Fish,fish,55,23,1,0,1,0
2484,2484,Gammarus minus,Gammarus minus,Crustaceans,crusta,55,23,1,0,1,0
1073,1073,Engraulis mordax,Engraulis mordax,Fish,fish,55,9,1,0,1,0
28076,,Babylonia areolata,Babylonia areolata,Molluscs,other,55,0,0,0,0,0
2315,,Elodea nuttallii,Elodea nuttallii,"Flowers, Trees, Shrubs, Ferns",other,55,0,0,0,0,0
1250,,Erpobdella octoculata,Erpobdella octoculata,Worms,other,55,0,0,0,0,0
1492,,Xenopus sp.,Xenopus sp.,Amphibians,other,55,0,0,0,0,0
758,758,Cyclops sp.,Cyclops sp.,Crustaceans,crusta,54,39,1,0,0,0
2369,2369,Scenedesmus pannonicus,Scenedesmus pannonicus,Algae,algae,54,22,1,0,0,0
1044,,Amphipoda,Amphipoda,Crustaceans,crusta,54,0,0,0,0,0
2305,,Pomacea paludosa,Pomacea paludosa,Molluscs,other,54,0,0,0,0,0
58654,,Ulva australis,Ulva australis,Algae,algae,54,0,0,0,0,0
1173,,Simulium vittatum,Simulium vittatum,Insects/Spiders,other,53,0,0,0,0,0
2761,2761,Lepidocephalichthys guntea,Lepidocephalichthys guntea,Fish,fish,52,52,1,0,1,0
5499,5499,Penaeus paulensis,Penaeus paulensis,Crustaceans,crusta,52,50,1,0,0,0
124,124,Fundulus diaphanus,Fundulus diaphanus,Fish,fish,52,37,1,1,1,1
140,140,Cymatogaster aggregata,Cymatogaster aggregata,Fish;Standard Test Species,fish,52,24,1,0,1,0
365,365,Dicentrarchus labrax,Dicentrarchus labrax,Fish;Standard Test Species,fish,52,8,1,1,1,1
5545,5545,Nitellopsis obtusa,Nitellopsis obtusa,Algae,algae,51,7,1,0,0,0
103,103,Rhithropanopeus harrisii,Rhithropanopeus harrisii,Crustaceans,crusta,51,6,1,0,0,0
483,,Chaoborus punctipennis,Chaoborus punctipennis,Insects/Spiders,other,51,0,0,0,0,0
10723,,Chironomus zealandicus,Chironomus zealandicus,Insects/Spiders,other,51,0,0,0,0,0
1455,,Dinophilus gyrociliatus,Dinophilus gyrociliatus,Worms,other,51,0,0,0,0,0
5059,,Gastrophryne carolinensis,Gastrophryne carolinensis,Amphibians,other,51,0,0,0,0,0
42,42,Rutilus rutilus,Rutilus rutilus,Fish,fish,50,28,1,1,1,1
1093,1093,Chrysiptera cyanea,Chrysiptera cyanea,Fish,fish,50,24,1,0,1,0
143,143,Notropis atherinoides,Notropis atherinoides,Fish,fish,50,7,1,1,1,1
904,,Rana temporaria,Rana temporaria,Amphibians,other,50,0,0,0,0,0
2418,2418,Nothobranchius guentheri,Nothobranchius guentheri,Fish,fish,49,45,1,0,1,0
715,715,Leucaspius delineatus,Leucaspius delineatus,Fish,fish,49,38,1,0,1,0
530,,Hexagenia sp.,Hexagenia sp.,Insects/Spiders,other,49,0,0,0,0,0
2989,2989,Cambarus bartonii,Cambarus bartonii,Crustaceans,crusta,48,48,1,0,0,0
18407,,Aedes polynesiensis,Aedes polynesiensis,Insects/Spiders,other,48,0,0,0,0,0
20065,,Lampsilis rafinesqueana,Lampsilis rafinesqueana,Molluscs;U.S. Threatened and Endangered Species,other,48,0,0,0,0,0
58,,Nereis virens,Nereis virens,Worms;Standard Test Species,other,48,0,0,0,0,0
522,,Rangia cuneata,Rangia cuneata,Molluscs,other,48,0,0,0,0,0
5394,5394,Selenastrum sp.,Selenastrum sp.,Algae,algae,47,42,1,0,0,0
7370,7370,Paracheirodon axelrodi,Paracheirodon axelrodi,Fish,fish,47,21,1,0,1,0
2111,2111,Macrocystis pyrifera,Macrocystis pyrifera,Algae;Standard Test Species,algae,47,8,1,0,0,0
2441,,Melanoides tuberculata,Melanoides tuberculata,Molluscs,other,47,0,0,0,0,0
4818,,Mysis oculata,Mysis oculata,Crustaceans,crusta,47,0,0,0,0,0
130,130:2120,Platichthys flesus,Platichthys flesus,Fish,fish,46,41,1,0,1,0
24,24,Cypridopsis vidua,Cypridopsis vidua,Crustaceans,crusta,46,38,1,0,1,0
1270,1270,Asellus intermedius,Asellus intermedius,Crustaceans,crusta,46,19,1,0,0,0
293,293,Etheostoma spectabile,Etheostoma spectabile,Fish,fish,46,10,1,0,1,1
31156,,Anaxyrus boreas,Anaxyrus boreas,Amphibians,other,46,0,0,0,0,0
348,,Aplexa hypnorum,Aplexa hypnorum,Molluscs,other,46,0,0,0,0,0
962,962:4594:11172,Chlorella fusca,Chlorella fusca,Algae,algae,46,0,0,0,0,0
368,,Hoplobatrachus tigerinus,Hoplobatrachus tigerinus,Amphibians,other,46,0,0,0,0,0
4877,,Polypedilum sp.,Polypedilum sp.,Insects/Spiders,other,46,0,0,0,0,0
1010,1010,Penaeus merguiensis,Penaeus merguiensis,Crustaceans,crusta,45,37,1,0,1,0
1141,1141,Hypophthalmichthys molitrix,Hypophthalmichthys molitrix,Fish;U.S. Invasive Species,fish,45,31,1,1,1,1
2241,2241,Pseudopleuronectes yokohamae,Pseudopleuronectes yokohamae,Fish,fish,45,23,1,0,1,0
4753,4753,Mogurnda mogurnda,Mogurnda mogurnda,Fish,fish,45,5,1,0,1,0
592,,Hexagenia limbata,Hexagenia limbata,Insects/Spiders;Standard Test Species,other,45,0,0,0,0,0
11855,,Maxillopoda,Maxillopoda,Crustaceans,crusta,45,0,0,0,0,0
634,,Pila globosa,Pila globosa,Molluscs,other,45,0,0,0,0,0
4656,,Rana brevipoda ssp. porosa,Rana brevipoda ssp. porosa,Amphibians,other,45,0,0,0,0,0
10352,,Tallaperla maria,Tallaperla maria,Insects/Spiders,other,45,0,0,0,0,0
2475,2475,Nuria danrica,Nuria danrica,Fish,fish,44,18,1,0,0,0
11503,11503,Etheostoma fonticola,Etheostoma fonticola,Fish;U.S. Threatened and Endangered Species,fish,44,13,1,0,1,0
1666,1666,Sphaeroma serratum,Sphaeroma serratum,Crustaceans,crusta,44,10,1,0,1,0
1204,,Aedes excrucians,Aedes excrucians,Insects/Spiders,other,44,0,0,0,0,0
3002,,Anodonta imbecillis,Anodonta imbecillis,Molluscs,other,44,0,0,0,0,0
1407,,Lemna sp.,Lemna sp.,"Flowers, Trees, Shrubs, Ferns;Standard Test Species",other,44,0,0,0,0,0
10714,,Oncorhynchus clarkii ssp. lewisi,Oncorhynchus clarkii ssp. lewisi,Fish,fish,44,0,0,0,0,0
231,,Philodina roseola,Philodina roseola,Other Invertebrates,other,44,0,0,0,0,0
117,,Physa gyrina,Physa gyrina,Molluscs,other,44,0,0,0,0,0
665,665,Pleuronectes americanus,Pseudopleuronectes americanus,Fish,fish,43,29,1,0,0,0
17044,17044,Barbonymus gonionotus,Barbonymus gonionotus,Fish,fish,43,22,1,0,1,0
386,386,Chanos chanos,Chanos chanos,Fish,fish,43,15,1,1,1,1
2497,2497,Galaxias maculatus,Galaxias maculatus,Fish,fish,43,11,1,1,1,1
430,430,Euglena gracilis,Euglena gracilis,Algae,algae,43,10,1,1,1,0
1320,497:1320,Ankistrodesmus falcatus var. acicularis,Ankistrodesmus falcatus var. acicularis,Algae,algae,43,0,0,0,0,0
16884,,Paramecium trichium,Paramecium trichium,Other Invertebrates,other,43,0,0,0,0,0
1053,1053,Tisbe holothuriae,Tisbe holothuriae,Crustaceans,crusta,42,42,1,0,0,0
18400,18400,Macrobrachium lanchesteri,Macrobrachium lanchesteri,Crustaceans,crusta,42,32,1,0,1,0
696,696:2350,Austropotamobius pallipes ssp. pallipes,Austropotamobius pallipes ssp. pallipes,Crustaceans,crusta,42,16,1,0,1,0
2448,2448,Asellus racovitzai,Asellus racovitzai,Crustaceans,crusta,42,12,1,0,0,0
1804,,Balanus balanoides,Balanus balanoides,Crustaceans,crusta,42,0,0,0,0,0
1183,,Chironomus decorus,Chironomus decorus,Insects/Spiders,other,42,0,0,0,0,0
251,,Hexagenia bilineata,Hexagenia bilineata,Insects/Spiders;Standard Test Species,other,42,0,0,0,0,0
18484,,Panagrellus silusiae,Panagrellus silusiae,Worms,other,42,0,0,0,0,0
706,,Plankton,Plankton,Miscellaneous,other,42,0,0,0,0,0
58558,,Proales similis,Proales similis,Other Invertebrates,other,42,0,0,0,0,0
2755,2755,Clarias lazera,Clarias lazera,Fish,fish,41,39,1,0,0,0
29021,29021,Parachlorella kessleri,Parachlorella kessleri,Algae,algae,41,20,1,0,0,0
2340,,Hydra oligactis,Hydra oligactis,Other Invertebrates,other,41,0,0,0,0,0
3052,,Pseudacris regilla,Pseudacris regilla,Amphibians,other,41,0,0,0,0,0
1340,,Pseudacris triseriata ssp. triseriata,Pseudacris triseriata ssp. triseriata,Amphibians,other,41,0,0,0,0,0
30490,30490,Capoeta fusca,Capoeta fusca,Fish,fish,40,40,1,0,0,0
88,88,Fundulus majalis,Fundulus majalis,Fish,fish,40,40,1,0,1,0
19,19,Lagodon rhomboides,Lagodon rhomboides,Fish;Standard Test Species,fish,40,33,1,1,1,1
4789,4789,Diporeia sp.,Diporeia sp.,Crustaceans,crusta,40,20,1,0,0,0
4583,4583,Nitzschia closterium,Nitzschia closterium,Algae,algae,40,19,1,0,0,0
4393,4393,Gambusia holbrooki,Gambusia holbrooki,Fish,fish,40,14,1,1,1,1
16178,16178,Poeciliopsis occidentalis,Poeciliopsis occidentalis,Fish;U.S. Threatened and Endangered Species,fish,40,14,1,0,1,0
882,882,Micropogonias undulatus,Micropogonias undulatus,Fish,fish,40,4,1,0,1,1
2799,,Anodonta anatina,Anodonta anatina,Molluscs,other,40,0,0,0,0,0
5587,,Aphelenchus avenae,Aphelenchus avenae,Worms,other,40,0,0,0,0,0
10728,,Epeorus vitreus,Epeorus vitreus,Insects/Spiders,other,40,0,0,0,0,0
4734,,Ruditapes decussatus,Ruditapes decussatus,Molluscs,other,40,0,0,0,0,0
1940,1940,Praunus flexuosus,Praunus flexuosus,Crustaceans,crusta,39,26,1,0,0,1
5854,,Cheumatopsyche brevilineata,Cheumatopsyche brevilineata,Insects/Spiders,other,39,0,0,0,0,0
64648,,Faxonius virilis,Faxonius virilis,Crustaceans,crusta,39,0,0,0,0,0
1332,,Limnodynastes peronii,Limnodynastes peronii,Amphibians,other,39,0,0,0,0,0
917,,Peltodytes sp.,Peltodytes sp.,Insects/Spiders,other,39,0,0,0,0,0
1592,,Spirodela polyrrhiza,Spirodela polyrrhiza,"Flowers, Trees, Shrubs, Ferns",other,39,0,0,0,0,0
74,74,Penaeus aztecus,Penaeus aztecus,Crustaceans;Standard Test Species,crusta,38,24,1,0,1,0
4579,4579,Metapenaeus dobsoni,Metapenaeus dobsoni,Crustaceans,crusta,38,22,1,0,0,0
37,37,Pandalus montagui,Pandalus montagui,Crustaceans,crusta,38,9,1,0,1,0
966,966,Sphoeroides maculatus,Sphoeroides maculatus,Fish,fish,37,37,1,1,1,1
5261,5261,Lates calcarifer,Lates calcarifer,Fish,fish,37,27,1,0,1,0
1577,1577,Neomysis integer,Neomysis integer,Crustaceans,crusta,37,26,1,0,0,1
730,730,Palaemon serratus,Palaemon serratus,Crustaceans,crusta,37,25,1,0,0,0
2605,2605,Catostomus latipinnis,Catostomus latipinnis,Fish,fish,37,24,1,0,0,1
48206,48206,Nothobranchius furzeri,Nothobranchius furzeri,Fish,fish,37,23,1,1,1,1
406,406:6060,Procambarus acutus ssp. acutus,Procambarus acutus ssp. acutus,Crustaceans,crusta,37,23,1,0,1,0
2778,2778,Synechococcus leopoliensis,Synechococcus leopoliensis,Algae;Standard Test Species,algae,37,10,1,0,0,0
1000,1000,Chlamydomonas sp.,Chlamydomonas sp.,Algae,algae,37,8,1,0,0,0
2793,,Aedes caspius,Aedes caspius,Insects/Spiders,other,37,0,0,0,0,0
647,,Culex tarsalis,Culex tarsalis,Insects/Spiders,other,37,0,0,0,0,0
20356,,Lasmigona subviridis,Lasmigona subviridis,Molluscs,other,37,0,0,0,0,0
5893,5893,Stenocypris major,Stenocypris major,Crustaceans,crusta,36,36,1,0,1,0
1614,1614,Perca sp.,Perca sp.,Fish,fish,36,27,1,0,0,0
1517,1517,Rivulus marmoratus,Kryptolebias marmoratus,Fish,fish,36,23,1,0,0,0
44,44,Perca fluviatilis,Perca fluviatilis,Fish;Standard Test Species,fish,36,17,1,1,1,1
2413,2413,Chlorella saccharophila,Chlorella saccharophila,Algae,algae,36,16,1,0,0,0
327,327,Stichococcus bacillaris,Stichococcus bacillaris,Algae,algae,36,6,1,0,0,0
2098,2098,Dunaliella salina,Dunaliella salina,Algae,algae,36,3,1,0,0,0
1155,,Aedes cantans,Aedes cantans,Insects/Spiders,other,36,0,0,0,0,0
1203,,Aedes vexans,Aedes vexans,Insects/Spiders,other,36,0,0,0,0,0
5843,,Biomphalaria tenagophila,Biomphalaria tenagophila,Molluscs,other,36,0,0,0,0,0
34623,,Chironomus javanus,Chironomus javanus,Insects/Spiders,other,36,0,0,0,0,0
1077,,Culex pipiens ssp. pipiens,Culex pipiens ssp. pipiens,Insects/Spiders,other,36,0,0,0,0,0
1042,,Culex sp.,Culex sp.,Insects/Spiders,other,36,0,0,0,0,0
5766,,Lampsilis straminea ssp. claibornensis,Lampsilis straminea ssp. claibornensis,Molluscs,other,36,0,0,0,0,0
34625,,Nais elinguis,Nais elinguis,Worms,other,36,0,0,0,0,0
4589,,Pocillopora damicornis,Pocillopora damicornis,Other Invertebrates,other,36,0,0,0,0,0
4822,,Strombus gigas,Strombus gigas,Molluscs,other,36,0,0,0,0,0
1922,1922,Chlamydomonas geitleri,Chlamydomonas geitleri,Algae,algae,35,35,1,0,0,0
20391,20391,Metamysidopsis insularis,Metamysidopsis insularis,Crustaceans,crusta,35,35,1,0,0,0
80,80,Thalassoma bifasciatum,Thalassoma bifasciatum,Fish,fish,35,35,1,0,1,0
4707,4707,Tigriopus brevicornis,Tigriopus brevicornis,Crustaceans;Standard Test Species,crusta,35,30,1,0,0,1
6003,6003,Microcystis flosaquae,Microcystis flosaquae,Algae,algae,35,29,1,0,0,0
78,78,Palaemon macrodactylus,Palaemon macrodactylus,Crustaceans,crusta,35,29,1,0,0,0
16176,16176,Etheostoma lepidum,Etheostoma lepidum,Fish,fish,35,28,1,0,1,0
2454,2454,Diaptomus forbesi,Diaptomus forbesi,Crustaceans,crusta,35,26,1,0,0,0
132,132,Limanda limanda,Limanda limanda,Fish,fish,35,24,1,1,1,1
40600,40600,Ceriodaphnia silvestrii,Ceriodaphnia silvestrii,Crustaceans,crusta,35,17,1,0,0,0
4619,4619,Eohaustorius estuarius,Eohaustorius estuarius,Crustaceans;Standard Test Species,crusta,35,15,1,0,0,0
2921,2921,Rhepoxynius abronius,Rhepoxynius abronius,Crustaceans;Standard Test Species,crusta,35,12,1,0,0,0
331,331,Thalassiosira weissflogii,Thalassiosira weissflogii,Algae,algae,35,7,1,0,0,0
1066,,Ceratopsyche morosa,Ceratopsyche morosa,Insects/Spiders,other,35,0,0,0,0,0
632,,Keratella americana,Keratella americana,Other Invertebrates,other,35,0,0,0,0,0
17111,,Lampsilis cardium,Lampsilis cardium,Molluscs,other,35,0,0,0,0,0
7551,,Plantae,Plantae,"Flowers, Trees, Shrubs, Ferns",other,35,0,0,0,0,0
33906,33906,Pelteobagrus fulvidraco,Pelteobagrus fulvidraco,Fish,fish,34,33,1,0,0,0
5175,5175,Liza parsia,Liza parsia,Fish,fish,34,28,1,0,1,0
4690,4690,Cherax destructor,Cherax destructor,Crustaceans,crusta,34,24,1,0,1,0
584,584,Chlorella sorokiniana,Chlorella sorokiniana,Algae,algae,34,19,1,0,0,0
118,118,Gammarus sp.,Gammarus sp.,Crustaceans,crusta,34,18,1,0,0,0
2984,2984,Macquaria ambigua,Macquaria ambigua,Fish,fish,34,14,1,0,1,0
256,,Chironomidae,Chironomidae,Insects/Spiders,other,34,0,0,0,0,0
614,,Isonychia bicolor,Isonychia bicolor,Insects/Spiders,other,34,0,0,0,0,0
4701,4701,Gammarus italicus,Gammarus italicus,Crustaceans,crusta,33,27,1,0,1,0
714,714,Palaemonetes varians,Palaemonetes varians,Crustaceans,crusta,33,14,1,0,0,1
17066,17066,Achnanthidium minutissimum,Achnanthidium minutissimum,Algae,algae,33,13,1,1,1,0
1624,1624,Aphanizomenon flos-aquae,Aphanizomenon flos-aquae,Algae,algae,33,12,1,1,1,0
11036,11036,Sparus aurata,Sparus aurata,Fish,fish,33,7,1,1,1,1
5894,,Chironomus tepperi,Chironomus tepperi,Insects/Spiders,other,33,0,0,0,0,0
1022,,Ctenodrilus serratus,Ctenodrilus serratus,Worms,other,33,0,0,0,0,0
225,,Drunella grandis,Drunella grandis,Insects/Spiders,other,33,0,0,0,0,0
2298,16:2298,Gambusia affinis ssp. affinis,Gambusia affinis ssp. affinis,Fish,fish,33,0,0,0,0,0
923,,Notonecta sp.,Notonecta sp.,Insects/Spiders,other,33,0,0,0,0,0
5880,5880,Parastenocaris germanica,Parastenocaris germanica,Crustaceans,crusta,32,27,1,0,0,0
10899,10899,Pyrocystis lunula,Pyrocystis lunula,Algae,algae,32,22,1,0,0,0
128,128,Tilapia sp.,Tilapia sp.,Fish,fish,32,17,1,0,0,0
395,,Cerithidea cingulata,Cerithidea cingulata,Molluscs,other,32,0,0,0,0,0
1905,1905,Macrobrachium kistnensis,Macrobrachium kistnensis,Crustaceans,crusta,31,31,1,0,0,0
4776,4776,Acanthopagrus schlegelii,Acanthopagrus schlegelii,Fish,fish,31,30,1,1,1,1
4633,4633,Neomysis mercedis,Neomysis mercedis,Crustaceans,crusta,31,25,1,0,0,0
424,424,Asellus sp.,Asellus sp.,Crustaceans,crusta,31,22,1,0,0,0
11294,11294,Priopidichthys sp.,Priopidichthys sp.,Fish,fish,31,21,1,0,0,0
263,263,Coregonus clupeaformis,Coregonus clupeaformis,Fish,fish,31,19,1,1,1,1
301,301,Nitzschia sp.,Nitzschia sp.,Algae;Standard Test Species,algae,31,19,1,0,0,0
149,149,Crangon franciscorum,Crangon franciscorum,Crustaceans,crusta,31,18,1,0,0,0
1402,1402,Macrobrachium sp.,Macrobrachium sp.,Crustaceans,crusta,31,13,1,0,0,0
981,981,Scenedesmus acuminatus,Scenedesmus acuminatus,Algae,algae,31,10,1,0,0,0
971,,Ambystoma maculatum,Ambystoma maculatum,Amphibians,other,31,0,0,0,0,0
253,,Claassenia sabulosa,Claassenia sabulosa,Insects/Spiders,other,31,0,0,0,0,0
399,,Cloeon sp.,Cloeon sp.,Insects/Spiders,other,31,0,0,0,0,0
564,,Physa fontinalis,Physa fontinalis,Molluscs,other,31,0,0,0,0,0
7314,7314,Macrobrachium nipponense,Macrobrachium nipponense,Crustaceans,crusta,30,26,1,0,1,0
328,328,Nannochloropsis oculata,Nannochloropsis oculata,Algae,algae,30,12,1,0,0,0
1196,1196,Sciaenops ocellatus,Sciaenops ocellatus,Fish,fish,30,10,1,1,1,1
389,389,Limulus polyphemus,Limulus polyphemus,Other Invertebrates,other,30,8,1,0,1,0
856,856,Tetraselmis suecica,Tetraselmis suecica,Algae,algae,30,1,1,0,0,0
1331,,Adelotus brevis,Adelotus brevis,Amphibians,other,30,0,0,0,0,0
5590,,Cephalobus persegnis,Cephalobus persegnis,Worms,other,30,0,0,0,0,0
3015,,Chaoborus obscuripes,Chaoborus obscuripes,Insects/Spiders,other,30,0,0,0,0,0
1904,,Chlamydomonas angulosa,Chlamydomonas angulosa,Algae,algae,30,0,0,0,0,0
1052,,Hydropsyche angustipennis,Hydropsyche angustipennis,Insects/Spiders,other,30,0,0,0,0,0
492,,Nassarius obsoletus,Nassarius obsoletus,Molluscs,other,30,0,0,0,0,0
502,,Potamogeton crispus,Potamogeton crispus,"Flowers, Trees, Shrubs, Ferns;U.S. Invasive Species",other,30,0,0,0,0,0
1137,,Tubifex sp.,Tubifex sp.,Worms,other,30,0,0,0,0,0
2358,2358,Poecilia vivipara,Poecilia vivipara,Fish,fish,29,26,1,0,1,0
2494,2494,Australoheros facetus,Australoheros facetus,Fish,fish,29,25,1,0,1,0
4797,4797,Ophiocephalus punctatus,Ophiocephalus punctatus,Fish,fish,29,24,1,0,0,0
4668,4668,Eriocheir sinensis,Eriocheir sinensis,Crustaceans;U.S. Invasive Species,crusta,29,19,1,0,1,0
5190,5190,Synechococcus sp.,Synechococcus sp.,Algae;Standard Test Species,algae,29,12,1,1,1,0
2833,2833,Microcystis sp.,Microcystis sp.,Algae,algae,29,5,1,0,0,0
710,,Argopecten irradians,Argopecten irradians,Molluscs,other,29,0,0,0,0,0
360,,Cheumatopsyche sp.,Cheumatopsyche sp.,Insects/Spiders,other,29,0,0,0,0,0
92,,Limnephilus sp.,Limnephilus sp.,Insects/Spiders,other,29,0,0,0,0,0
1791,,Meretrix lusoria,Meretrix lusoria,Molluscs,other,29,0,0,0,0,0
2205,,Nephelopsis obscura,Nephelopsis obscura,Worms,other,29,0,0,0,0,0
19928,19928,Ulva fasciata,Ulva fasciata,Algae,algae,28,28,1,0,0,0
836,836,Daphnia cucullata,Daphnia cucullata,Crustaceans,crusta,28,27,1,0,0,1
56794,56794,Puntius stigma,Puntius stigma,Fish,fish,28,24,1,0,0,0
5556,5556,Daphnia obtusa,Daphnia obtusa,Crustaceans,crusta,28,22,1,0,0,0
2852,2852,Ambassis sp.,Ambassis sp.,Fish,fish,28,11,1,0,0,0
2266,2266,Hypophthalmichthys nobilis,Hypophthalmichthys nobilis,Fish;U.S. Invasive Species,fish,28,9,1,1,1,1
1495,1495,Cancer irroratus,Cancer irroratus,Crustaceans,crusta,28,4,1,0,0,0
508,,Ceratophyllum demersum,Ceratophyllum demersum,"Flowers, Trees, Shrubs, Ferns",other,28,0,0,0,0,0
858,,Corixa punctata,Corixa punctata,Insects/Spiders,other,28,0,0,0,0,0
2349,,Cricotopus sp.,Cricotopus sp.,Insects/Spiders,other,28,0,0,0,0,0
2051,,Dugesia lugubris,Dugesia lugubris,Worms,other,28,0,0,0,0,0
5737,,Ichthyophthirius multifilis,Ichthyophthirius multifilis,Other Invertebrates,other,28,0,0,0,0,0
918,,Notonecta undulata,Notonecta undulata,Insects/Spiders,other,28,0,0,0,0,0
427,427,Gammarus aequicauda,Gammarus aequicauda,Crustaceans,crusta,27,24,1,0,1,0
493,493,Tilapia aurea,Oreochromis aureus,Fish,fish,27,24,1,0,0,0
4603,4603,Ameiurus nebulosus,Ameiurus nebulosus,Fish,fish,27,18,1,1,1,1
1483,1483,Gomphonema parvulum,Gomphonema parvulum,Algae,algae,27,17,1,1,1,0
383,383,Phoxinus phoxinus,Phoxinus phoxinus,Fish,fish,27,17,1,1,1,1
2333,2333,Abramis brama,Abramis brama,Fish,fish,27,13,1,1,1,1
1047,1047,Chlorella emersonii,Chlorella emersonii,Algae,algae,27,9,1,0,0,0
53874,53874,Oryzias dancena,Oryzias dancena,Fish,fish,27,6,1,0,1,0
173,173,Ceriodaphnia pulchella,Ceriodaphnia pulchella,Crustaceans,crusta,27,1,1,0,0,1
1262,,Baetis rhodani,Baetis rhodani,Insects/Spiders,other,27,0,0,0,0,0
34321,,Echyridella menziesii,Echyridella menziesii,Molluscs,other,27,0,0,0,0,0
367,,Enallagma sp.,Enallagma sp.,Insects/Spiders,other,27,0,0,0,0,0
674,,Ephemerella sp.,Ephemerella sp.,Insects/Spiders;Standard Test Species,other,27,0,0,0,0,0
5611,,Hydroides elegans,Hydroides elegans,Worms,other,27,0,0,0,0,0
1067,,Hydropsyche recurvata,Hydropsyche recurvata,Insects/Spiders,other,27,0,0,0,0,0
537,,Ophiogomphus sp.,Ophiogomphus sp.,Insects/Spiders,other,27,0,0,0,0,0
4658,,Perna indica,Perna indica,Molluscs,other,27,0,0,0,0,0
5692,5692,Paratya compressa ssp. improvisa,Paratya compressa ssp. improvisa,Crustaceans,crusta,26,42,1,0,0,0
2277,2277,Barbus conchonius,Barbus conchonius,Fish,fish,26,26,1,0,0,0
2767,2767,Macrobrachium carcinus,Macrobrachium carcinus,Crustaceans,crusta,26,26,1,0,1,0
38584,38584,Pseudosphromenus cupanus,Pseudosphromenus cupanus,Fish,fish,26,26,1,0,1,0
5528,5528,Pacifastacus leniusculus,Pacifastacus leniusculus,Crustaceans;Standard Test Species,crusta,26,25,1,1,1,1
1008,1008,Penaeus semisulcatus,Penaeus semisulcatus,Crustaceans,crusta,26,24,1,1,1,1
5899,5899,Hyalella curvispina,Hyalella curvispina,Crustaceans,crusta,26,22,1,0,0,0
1783,1783,Cyclops viridis,Cyclops viridis,Crustaceans,crusta,26,21,1,0,0,0
1836,1836,Esomus danricus,Esomus danrica,Fish,fish,26,21,1,0,0,0
4821,4821,Paralichthys dentatus,Paralichthys dentatus,Fish;Standard Test Species,fish,26,16,1,0,1,0
1780,643:1780,Balanus amphitrite,Balanus amphitrite,Crustaceans,crusta,26,15,1,0,0,0
243,243,Asellus communis,Asellus communis,Crustaceans,crusta,26,9,1,0,0,0
1357,1357,Moina micrura,Moina micrura,Crustaceans,crusta,26,9,1,0,1,0
2685,2685,Moinodaphnia macleayi,Moinodaphnia macleayi,Crustaceans,crusta,26,8,1,0,0,0
1478,1478,Chlamydomonas moewusii,Chlamydomonas moewusii,Algae,algae,26,3,1,1,1,0
2368,,Ambystoma gracile,Ambystoma gracile,Amphibians,other,26,0,0,0,0,0
4833,,Diphetor hageni,Diphetor hageni,Insects/Spiders,other,26,0,0,0,0,0
720,,Ephemerella lata,Ephemerella lata,Insects/Spiders,other,26,0,0,0,0,0
254,,Ischnura verticalis,Ischnura verticalis,Insects/Spiders,other,26,0,0,0,0,0
679,,Isogenus sp.,Isogenus sp.,Insects/Spiders,other,26,0,0,0,0,0
1191,,Katelysia opima,Katelysia opima,Molluscs,other,26,0,0,0,0,0
4929,,Pseudacris triseriata,Pseudacris triseriata,Amphibians,other,26,0,0,0,0,0
5885,,Sigara substriata,Sigara substriata,Insects/Spiders,other,26,0,0,0,0,0
1109,,Tapes philippinarum,Tapes philippinarum,Molluscs,other,26,0,0,0,0,0
11734,11734,Gracilaria tenuistipitata,Gracilaria tenuistipitata,Algae,algae,25,24,1,0,0,0
213,213,Paratelphusa jacquemontii,Paratelphusa jacquemontii,Crustaceans,crusta,25,24,1,0,0,0
419,419,Asellus militaris,Asellus militaris,Crustaceans,crusta,25,13,1,0,0,0
1025,1025,Rutilus kutum,Rutilus kutum,Fish,fish,25,13,1,0,1,0
5807,5807,Sebastes schlegelii,Sebastes schlegelii,Fish,fish,25,13,1,0,1,0
1476,1476,Nostoc muscorum,Nostoc muscorum,Algae,algae,25,6,1,0,0,0
275,275,Campostoma anomalum,Campostoma anomalum,Fish,fish,25,3,1,1,1,1
20369,20369,Balanus albicostatus,Balanus albicostatus,Crustaceans,crusta,25,1,1,0,0,0
1231,,Culiseta annulata,Culiseta annulata,Insects/Spiders,other,25,0,0,0,0,0
1671,,Donax faba,Donax faba,Molluscs,other,25,0,0,0,0,0
862,,Paracentrotus lividus,Paracentrotus lividus,Other Invertebrates;Standard Test Species,other,25,0,0,0,0,0
1184,,Procladius sp.,Procladius sp.,Insects/Spiders,other,25,0,0,0,0,0
2380,,Rhithrogena sp.,Rhithrogena sp.,Insects/Spiders,other,25,0,0,0,0,0
5700,727:5700,Rasbora daniconius neilgeriensis,Rasbora daniconius neilgeriensis,Fish,fish,24,30,1,0,1,0
11546,11546,Archaeomysis kokuboi,Archaeomysis kokuboi,Crustaceans,crusta,24,24,1,0,0,0
4704,4704,Paracerceis sculpta,Paracerceis sculpta,Crustaceans,crusta,24,23,1,0,0,0
77,77,Penaeus setiferus,Penaeus setiferus,Crustaceans;Standard Test Species,crusta,24,19,1,0,1,0
2982,2981:2982,Melanotaenia splendida ssp. inornata,Melanotaenia splendida ssp. inornata,Fish,fish,24,14,1,0,0,0
276,276,Luxilus chrysocephalus,Luxilus chrysocephalus,Fish,fish,24,11,1,0,1,1
10938,10938,Artemia parthenogenetica,Artemia parthenogenetica,Crustaceans,crusta,24,10,1,0,0,0
2356,2356,Daphnia lumholtzi,Daphnia lumholtzi,Crustaceans,crusta,24,9,1,0,0,0
2519,2519,Scaphirhynchus platorynchus,Scaphirhynchus platorynchus,Fish,fish,24,9,1,1,1,1
2231,2231,Silurus glanis,Silurus glanis,Fish,fish,24,9,1,1,1,1
42924,42924,Pyropia yezoensis,Pyropia yezoensis,Algae,algae,24,7,1,0,0,0
661,661,Gadus morhua,Gadus morhua,Fish,fish,24,5,1,1,1,1
1588,1588,Spirulina platensis,Spirulina platensis,Algae,algae,24,2,1,0,0,0
500,500,Heterocypris incongruens,Heterocypris incongruens,Crustaceans,crusta,24,1,1,0,0,0
4653,,Ambystoma sp.,Ambystoma sp.,Amphibians,other,24,0,0,0,0,0
116,,Amnicola sp.,Amnicola sp.,Molluscs,other,24,0,0,0,0,0
17256,,Anisops sardeus,Anisops sardeus,Insects/Spiders,other,24,0,0,0,0,0
2350,696:2350,Austropotamobius pallipes,Austropotamobius pallipes,Crustaceans,crusta,24,0,0,0,1,0
4718,,Bellamya bengalensis,Bellamya bengalensis,Molluscs,other,24,0,0,0,0,0
5671,,Choromytilus chorus,Choromytilus chorus,Molluscs,other,24,0,0,0,0,0
11110,,Hormidium flaccidum,Hormidium flaccidum,Algae,algae,24,0,0,0,0,0
18590,,Melita plumulosa,Melita plumulosa,Crustaceans,crusta,24,0,0,0,0,0
2218,,Najas sp.,Najas sp.,"Flowers, Trees, Shrubs, Ferns",other,24,0,0,0,0,0
5903,,Pararotalia spinigera,Pararotalia spinigera,Other Invertebrates,other,24,0,0,0,0,0
5884,,Parreysia favidens,Parreysia favidens,Molluscs,other,24,0,0,0,0,0
4664,4664,Acipenser baerii,Acipenser baerii,Fish,fish,23,23,1,0,1,0
433,433,Fundulus grandis,Fundulus grandis,Fish,fish,23,23,1,1,1,1
4612,4612,Amphiascus tenuiremis,Amphiascus tenuiremis,Crustaceans;Standard Test Species,crusta,23,20,1,0,0,0
10804,10804,Mesocyclops sp.,Mesocyclops sp.,Crustaceans,crusta,23,10,1,0,0,0
529,529,Platymonas subcordiformis,Platymonas subcordiformis,Algae,algae,23,3,1,0,0,0
1868,,Crepidula fornicata,Crepidula fornicata,Molluscs,other,23,0,0,0,0,0
651,,Culex restuans,Culex restuans,Insects/Spiders,other,23,0,0,0,0,0
1206,,Hydrilla verticillata,Hydrilla verticillata,"Flowers, Trees, Shrubs, Ferns;U.S. Invasive Species",other,23,0,0,0,0,0
4727,,Isognomon californicum,Isognomon californicum,Molluscs,other,23,0,0,0,0,0
20063,,Lampsilis abrupta,Lampsilis abrupta,Molluscs;U.S. Threatened and Endangered Species,other,23,0,0,0,0,0
16102,,Lecane quadridentata,Lecane quadridentata,Other Invertebrates,other,23,0,0,0,0,0
2303,,Mulinia lateralis,Mulinia lateralis,Molluscs,other,23,0,0,0,0,0
2216,,Plecoptera,Plecoptera,Insects/Spiders,other,23,0,0,0,0,0
5642,,Potamopyrgus antipodarum,Potamopyrgus antipodarum,Molluscs;Standard Test Species;U.S. Invasive Species,other,23,0,0,0,0,0
31606,,Rhinella marina,Rhinella marina,Amphibians;U.S. Invasive Species,other,23,0,0,0,0,0
5191,,Synechocystis sp.,Synechocystis sp.,Algae,algae,23,0,0,0,0,0
2766,2766,Barytelphusa cunicularis,Barytelphusa cunicularis,Crustaceans,crusta,22,22,1,0,1,0
18429,18429,Caridina laevis,Caridina laevis,Crustaceans,crusta,22,22,1,0,0,0
17255,17255,Streptocephalus sudanicus,Streptocephalus sudanicus,Crustaceans,crusta,22,21,1,0,0,0
5852,5852,Cherax quadricarinatus,Cherax quadricarinatus,Crustaceans,crusta,22,20,1,0,1,0
2918,2918,Ceriodaphnia affinis,Ceriodaphnia affinis,Crustaceans,crusta,22,15,1,0,0,0
150,150,Chelon labrosus,Chelon labrosus,Fish,fish,22,15,1,0,1,1
517,517,Bosmina longirostris,Bosmina longirostris,Crustaceans,crusta,22,13,1,0,0,1
1268,1268,Cyprinella lutrensis,Cyprinella lutrensis,Fish,fish,22,12,1,1,1,1
1675,1675,Tribolodon hakonensis,Tribolodon hakonensis,Fish,fish,22,11,1,0,1,0
1798,,Aedes stimulans,Aedes stimulans,Insects/Spiders,other,22,0,0,0,0,0
970,,Ambystoma opacum,Ambystoma opacum,Amphibians,other,22,0,0,0,0,0
11542,,Anabaena subcylindrica,Anabaena subcylindrica,Algae,algae,22,0,0,0,0,0
10235,,Bacillariophyta,Bacillariophyta,Algae,algae,22,0,0,0,0,0
11172,962:4594:11172,Chlorella fusca ssp. fusca,Chlorella fusca ssp. fusca,Algae,algae,22,0,0,0,0,0
1385,,Cladocera,Cladocera,Crustaceans,crusta,22,0,0,0,0,0
723,,Crassostrea rhizophorae,Crassostrea rhizophorae,Molluscs,other,22,0,0,0,0,0
15794,,Culex sitiens,Culex sitiens,Insects/Spiders,other,22,0,0,0,0,0
752,,Elimia catenaria,Elimia catenaria,Molluscs,other,22,0,0,0,0,0
1571,,Haliotis rufescens,Haliotis rufescens,Molluscs,other,22,0,0,0,0,0
1092,,Hyla chrysoscelis,Hyla chrysoscelis,Amphibians,other,22,0,0,0,0,0
9,,Nitzschia linearis,Nitzschia linearis,Algae,algae,22,0,0,0,0,0
5713,,Pelophylax nigromaculatus,Pelophylax nigromaculatus,Amphibians,other,22,0,0,0,0,0
9943,,Pelophylax ridibundus,Pelophylax ridibundus,Amphibians,other,22,0,0,0,0,0
695,,Pycnopsyche sp.,Pycnopsyche sp.,Insects/Spiders,other,22,0,0,0,0,0
2472,,Stylodrilus heringianus,Stylodrilus heringianus,Worms,other,22,0,0,0,0,0
20304,20304,Hybognathus amarus,Hybognathus amarus,Fish;U.S. Threatened and Endangered Species,fish,21,21,1,0,1,1
34648,34648,Daphnia similoides,Daphnia similoides,Crustaceans,crusta,21,20,1,0,0,0
11784,11784,Cyprinodon bovinus,Cyprinodon bovinus,Fish;U.S. Threatened and Endangered Species,fish,21,19,1,1,1,1
4389,4389,Elasmopus rapax,Elasmopus rapax,Crustaceans,crusta,21,16,1,0,0,0
1676,1676,Allorchestes compressa,Allorchestes compressa,Crustaceans,crusta,21,15,1,0,0,0
4783,4783,Caridina nilotica,Caridina nilotica,Crustaceans,crusta,21,11,1,0,0,0
2283,2283,Gonyaulax polyedra,Gonyaulax polyedra,Algae,algae,21,9,1,0,0,0
2320,2320,Chlorella protothecoides,Chlorella protothecoides,Algae,algae,21,4,1,0,0,0
571,571,Cynoscion nebulosus,Cynoscion nebulosus,Fish,fish,21,4,1,1,1,1
4674,4674,Scapholeberis kingi,Scapholeberis kingi,Crustaceans,crusta,21,2,1,0,0,0
1065,,Anopheles quadrimaculatus,Anopheles quadrimaculatus,Insects/Spiders,other,21,0,0,0,0,0
489,,Asterias forbesii,Asterias forbesii,Other Invertebrates,other,21,0,0,0,0,0
36,,Brachycentrus americanus,Brachycentrus americanus,Insects/Spiders,other,21,0,0,0,0,0
5162,,Ephemerella infrequens,Ephemerella infrequens,Insects/Spiders,other,21,0,0,0,0,0
919,,Lestes congener,Lestes congener,Insects/Spiders,other,21,0,0,0,0,0
2008,,Monopylephorus cuticulatus,Monopylephorus cuticulatus,Worms,other,21,0,0,0,0,0
10538,,Paratanytarsus sp.,Paratanytarsus sp.,Insects/Spiders,other,21,0,0,0,0,0
6081,,Planorbella campanulata,Planorbella campanulata,Molluscs,other,21,0,0,0,0,0
5531,,Spirostomum teres,Spirostomum teres,Other Invertebrates,other,21,0,0,0,0,0
1596,,Vallisneria americana,Vallisneria americana,"Flowers, Trees, Shrubs, Ferns",other,21,0,0,0,0,0
2133,2133,Barbus javanicus,Barbus javanicus,Fish,fish,20,20,1,0,0,0
2976,2976,Gammarus kischineffensis,Gammarus kischineffensis,Crustaceans,crusta,20,20,1,0,1,0
2415,2415,Macrobrachium dayanum,Macrobrachium dayanum,Crustaceans,crusta,20,20,1,0,0,0
4655,4655,Podocerus fulanus,Podocerus fulanus,Crustaceans,crusta,20,20,1,0,0,0
811,811,Trichogaster trichopterus,Trichopodus trichopterus,Fish,fish,20,20,1,0,0,0
874,874,Cypretta kawatai,Cypretta kawatai,Crustaceans,crusta,20,19,1,0,0,0
5984,5984,Siriella armata,Siriella armata,Crustaceans,crusta,20,19,1,0,0,0
333,333,Bellerochea polymorpha,Minutocellus polymorphus,Algae,algae,20,18,1,0,0,0
4407,4407,Pandorina morum,Pandorina morum,Algae,algae,20,17,1,1,1,0
1005,1005,Panopeus herbstii,Panopeus herbstii,Crustaceans,crusta,20,17,1,0,1,0
48,48,Daphnia hyalina,Daphnia hyalina,Crustaceans,crusta,20,16,1,0,0,1
5926,5926,Streptocephalus rubricaudatus,Streptocephalus rubricaudatus,Crustaceans,crusta,20,16,1,0,0,0
17649,17649,Chlamydomonas snowiae,Chlamydomonas snowiae,Algae,algae,20,13,1,0,0,0
28739,28739,Ulnaria ulna,Ulnaria ulna,Algae,algae,20,12,1,1,1,0
1906,1906,Tetraselmis chuii,Tetraselmis chuii,Algae,algae,20,9,1,0,0,0
728,728,Cypridopsis sp.,Cypridopsis sp.,Crustaceans,crusta,20,8,1,0,0,0
2180,2180,Temora longicornis,Temora longicornis,Crustaceans,crusta,20,6,1,0,0,1
1607,1607,Nostoc sp.,Nostoc sp.,Algae,algae,20,2,1,1,1,0
2470,,Aedes triseriatus,Aedes triseriatus,Insects/Spiders,other,20,0,0,0,0,0
398,,Chaoborus sp.,Chaoborus sp.,Insects/Spiders,other,20,0,0,0,0,0
19825,,Chironomus xanthus,Chironomus xanthus,Insects/Spiders,other,20,0,0,0,0,0
667,,Elliptio complanata,Elliptio complanata,Molluscs,other,20,0,0,0,0,0
40974,,Ephemera orientalis,Ephemera orientalis,Insects/Spiders,other,20,0,0,0,0,0
5294,,Gyraulus sp.,Gyraulus sp.,Molluscs,other,20,0,0,0,0,0
619,,Lepidostoma sp.,Lepidostoma sp.,Insects/Spiders,other,20,0,0,0,0,0
34539,,Modiolus philippinarum,Modiolus philippinarum,Molluscs,other,20,0,0,0,0,0
29,,Physa sp.,Physa sp.,Molluscs,other,20,0,0,0,0,0
2934,,Simocephalus exspinosus,Simocephalus exspinosus,Crustaceans,crusta,20,0,0,0,0,0
11921,11921,Gammarus palustris,Gammarus palustris,Crustaceans,crusta,19,19,1,0,0,0
379,379,Diaptomus sp.,Diaptomus sp.,Crustaceans,crusta,19,16,1,0,0,0
27725,27725,Oophila sp.,Oophila sp.,Algae,algae,19,15,1,0,0,0
894,894,Clupea pallasii,Clupea pallasii,Fish,fish,19,14,1,1,1,1
2243,2243,Trichogaster pectoralis,Trichopodus pectoralis,Fish,fish,19,11,1,0,0,0
557,557,Ankistrodesmus sp.,Ankistrodesmus sp.,Algae,algae,19,10,1,0,0,0
270,270,Osmerus mordax,Osmerus mordax,Fish,fish,19,9,1,0,1,1
925,925,Coregonus fera,Coregonus fera,Fish,fish,19,6,1,0,0,0
28112,28112,Chlorella marina,Chlorella marina,Algae,algae,19,4,1,0,0,0
1866,1866,Platymonas sp.,Platymonas sp.,Algae,algae,19,4,1,0,0,0
48540,48540,Tisochrysis lutea,Tisochrysis lutea,Algae,algae,19,4,1,0,0,0
464,464,Dunaliella sp.,Dunaliella sp.,Algae,algae,19,3,1,0,0,0
555,555,Chlorella ellipsoidea,Chlorella ellipsoidea,Algae,algae,19,2,1,0,0,0
1763,1763,Nostoc commune,Nostoc commune,Algae,algae,19,2,1,1,1,0
1657,,Aequipecten opercularis,Aequipecten opercularis,Molluscs,other,19,0,0,0,0,0
1682,,Bacillariophyceae,Bacillariophyceae,Algae,algae,19,0,0,0,0,0
5657,,Bufo bufo ssp. gargarizans,Bufo bufo ssp. gargarizans,Amphibians,other,19,0,0,0,0,0
91,,Callibaetis sp.,Callibaetis sp.,Insects/Spiders,other,19,0,0,0,0,0
15613,,Crustacea,Crustacea,Crustaceans,crusta,19,0,0,0,0,0
31437,,Culex tritaeniorhynchus ssp. summorosus,Culex tritaeniorhynchus ssp. summorosus,Insects/Spiders,other,19,0,0,0,0,0
371,,Cyprinodontidae,Cyprinodontidae,Fish,fish,19,0,0,0,0,0
496,,Elimia livescens,Elimia livescens,Molluscs,other,19,0,0,0,0,0
10299,,Jappa kutera,Jappa kutera,Insects/Spiders,other,19,0,0,0,0,0
5767,,Megalonaias nervosa,Megalonaias nervosa,Molluscs,other,19,0,0,0,0,0
4926,,Pelophylax perezi,Pelophylax perezi,Amphibians,other,19,0,0,0,0,0
905,,Planorbis corneus,Planorbis corneus,Molluscs,other,19,0,0,0,0,0
29868,,Pseudepidalea viridis,Pseudepidalea viridis,Amphibians,other,19,0,0,0,0,0
31617,,Radix natalensis,Radix natalensis,Molluscs,other,19,0,0,0,0,0
2798,,Rita rita,Rita rita,Fish,fish,19,0,0,0,0,0
234,,Unio pictorum,Unio pictorum,Molluscs,other,19,0,0,0,0,0
2817,,Velesunio ambiguus,Velesunio ambiguus,Molluscs,other,19,0,0,0,0,0
1697,1697,Spicodiaptomus chelospinus,Spicodiaptomus chelospinus,Crustaceans,crusta,18,18,1,0,0,0
10240,10240,Tisbe longicornis,Tisbe longicornis,Crustaceans,crusta,18,18,1,0,0,0
11260,11260,Varuna litterata,Varuna litterata,Crustaceans,crusta,18,18,1,0,0,0
4830,4830,Cynoglossus joyneri,Cynoglossus joyneri,Fish,fish,18,16,1,0,1,0
29493,29493,Macrobrachium lar,Macrobrachium lar,Crustaceans,crusta,18,16,1,0,0,0
3023,3023,Fragilaria crotonensis,Fragilaria crotonensis,Algae,algae,18,14,1,1,1,0
1814,1814,Navicula sp.,Navicula sp.,Algae,algae,18,12,1,0,0,0
29703,29703,Microcystis wesenbergii,Microcystis wesenbergii,Algae,algae,18,10,1,1,1,0
2254,2254,Scenedesmus dimorphus,Scenedesmus dimorphus,Algae,algae,18,10,1,0,0,0
900,900,Gymnocephalus cernuus,Gymnocephalus cernuus,Fish;U.S. Invasive Species,fish,18,8,1,0,0,1
292,292,Etheostoma caeruleum,Etheostoma caeruleum,Fish,fish,18,7,1,0,1,1
19389,19389,Aphanothece clathrata,Aphanothece clathrata,Algae,algae,18,6,1,0,0,0
29019,29019,Skeletonema marinoi,Skeletonema marinoi,Algae,algae,18,4,1,1,1,0
4388,4388,Cryptomonas sp.,Cryptomonas sp.,Algae,algae,18,2,1,0,0,0
1229,,Aedes punctor,Aedes punctor,Insects/Spiders,other,18,0,0,0,0,0
20064,,Alasmidonta heterodon,Alasmidonta heterodon,Molluscs;U.S. Threatened and Endangered Species,other,18,0,0,0,0,0
65923,,Alathyria profuga,Alathyria profuga,Molluscs,other,18,0,0,0,0,0
926,,Ancylus fluviatilis,Ancylus fluviatilis,Molluscs,other,18,0,0,0,0,0
1091,,Bufo bufo,Bufo bufo,Amphibians,other,18,0,0,0,0,0
1271,,Caenis sp.,Caenis sp.,Insects/Spiders,other,18,0,0,0,0,0
65903,,Cucumerunio novaehollandiae,Cucumerunio novaehollandiae,Molluscs,other,18,0,0,0,0,0
20357,,Fusconaia masoni,Fusconaia masoni,Molluscs;U.S. Threatened and Endangered Species,other,18,0,0,0,0,0
1731,,Haematococcus lacustris,Haematococcus lacustris,Algae,algae,18,0,0,0,1,0
18268,,Haliotis diversicolor ssp. supertexta,Haliotis diversicolor ssp. supertexta,Molluscs,other,18,0,0,0,0,0
30189,,Hormidium sp.,Hormidium sp.,Algae,algae,18,0,0,0,0,0
478,,Hyla versicolor,Hyla versicolor,Amphibians,other,18,0,0,0,0,0
65921,,Hyridella australis,Hyridella australis,Molluscs,other,18,0,0,0,0,0
16390,,Hyridella depressa,Hyridella depressa,Molluscs,other,18,0,0,0,0,0
65922,,Hyridella drapeta,Hyridella drapeta,Molluscs,other,18,0,0,0,0,0
18585,,Mesodesma glabrum,Mesodesma glabrum,Molluscs,other,18,0,0,0,0,0
3037,,Monhystera disjuncta,Monhystera disjuncta,Worms,other,18,0,0,0,0,0
18746,,Ochlerotatus caspius,Ochlerotatus caspius,Insects/Spiders,other,18,0,0,0,0,0
431,,Paramecium bursaria,Paramecium bursaria,Other Invertebrates,other,18,0,0,0,0,0
2478,,Polycelis tenuis,Polycelis tenuis,Worms,other,18,0,0,0,0,0
4733,,Pomacea canaliculata,Pomacea canaliculata,Molluscs;U.S. Invasive Species,other,18,0,0,0,0,0
20067,,Potamilus ohiensis,Potamilus ohiensis,Molluscs,other,18,0,0,0,0,0
47354,,Saccharina latissima,Saccharina latissima,Algae,algae,18,0,0,0,0,0
1252,,Sialis lutaria,Sialis lutaria,Insects/Spiders,other,18,0,0,0,0,0
2386,,Tetrahymena sp.,Tetrahymena sp.,Other Invertebrates,other,18,0,0,0,0,0
20066,,Venustaconcha ellipsiformis,Venustaconcha ellipsiformis,Molluscs,other,18,0,0,0,0,0
17167,,Xanthocnemis zealandica,Xanthocnemis zealandica,Insects/Spiders,other,18,0,0,0,0,0
20193,20193,Clibanarius africanus,Clibanarius africanus,Crustaceans,crusta,17,17,1,0,0,0
10709,10709,Macrobrachium rude,Macrobrachium rude,Crustaceans,crusta,17,17,1,0,0,0
41395,41395,Karenia brevis,Karenia brevis,Algae,algae,17,16,1,0,0,0
19230,19230,Macrobrachium amazonicum,Macrobrachium amazonicum,Crustaceans,crusta,17,16,1,0,0,0
5676,5676,Melanotaenia duboulayi,Melanotaenia duboulayi,Fish,fish,17,16,1,0,1,0
17257,17257,Rhamdia quelen,Rhamdia quelen,Fish,fish,17,15,1,0,1,0
1339,1339,Scenedesmus abundans,Scenedesmus abundans,Algae,algae,17,15,1,0,0,0
1681,1681,Xiphophorus helleri,Xiphophorus helleri,Fish,fish,17,15,1,0,0,1
2851,2851,Corophium insidiosum,Corophium insidiosum,Crustaceans,crusta,17,14,1,0,0,0
864,864,Caridina rajadhari,Caridina rajadhari,Crustaceans,crusta,17,13,1,0,0,0
20140,20140,Rachycentron canadum,Rachycentron canadum,Fish,fish,17,13,1,0,1,0
353,353,Pseudorasbora parva,Pseudorasbora parva,Fish,fish,17,10,1,0,1,0
2145,2145,Scardinius erythrophthalmus,Scardinius erythrophthalmus,Fish,fish,17,5,1,1,1,1
2408,2408,Prorocentrum minimum,Prorocentrum minimum,Algae,algae,17,4,1,0,0,0
2242,2242,Tilapia melanopleura,Tilapia melanopleura,Fish,fish,17,2,1,0,0,0
983,983,Tigriopus californicus,Tigriopus californicus,Crustaceans;Standard Test Species,crusta,17,1,1,0,0,0
1461,,Atalophlebia australis,Atalophlebia australis,Insects/Spiders,other,17,0,0,0,0,0
11592,,Balanus amphitrite ssp. niveus,Balanus amphitrite ssp. niveus,Crustaceans,crusta,17,0,0,0,0,0
1182,,Chironomus utahensis,Chironomus utahensis,Insects/Spiders,other,17,0,0,0,0,0
11645,,Dero digitata,Dero digitata,Worms,other,17,0,0,0,0,0
6074,,Elimia virginica,Elimia virginica,Molluscs,other,17,0,0,0,0,0
1121,,Ephemeroptera,Ephemeroptera,Insects/Spiders,other,17,0,0,0,0,0
20387,,Euplotes crassus,Euplotes crassus,Other Invertebrates,other,17,0,0,0,0,0
2498,,Glyptotendipes paripes,Glyptotendipes paripes,Insects/Spiders,other,17,0,0,0,0,0
974,,Insecta,Insecta,Insects/Spiders,other,17,0,0,0,0,0
2466,,Ischnura elegans,Ischnura elegans,Insects/Spiders,other,17,0,0,0,0,0
1722,,Lamellidens corrianus,Lamellidens corrianus,Molluscs,other,17,0,0,0,0,0
4400,,Lemna trisulca,Lemna trisulca,"Flowers, Trees, Shrubs, Ferns",other,17,0,0,0,0,0
6075,,Leptoxis carinata,Leptoxis carinata,Molluscs,other,17,0,0,0,0,0
10537,,Litoria moorei,Litoria moorei,Amphibians,other,17,0,0,0,0,0
6107,,Medionidus conradicus,Medionidus conradicus,Molluscs,other,17,0,0,0,0,0
10414,,Modiolus auriculatus,Modiolus auriculatus,Molluscs,other,17,0,0,0,0,0
5181,,Obliquaria reflexa,Obliquaria reflexa,Molluscs,other,17,0,0,0,0,0
612,,Paraleptophlebia sp.,Paraleptophlebia sp.,Insects/Spiders,other,17,0,0,0,0,0
1394,,Paramecium multimicronucleatum,Paramecium multimicronucleatum,Other Invertebrates,other,17,0,0,0,0,0
239,,Physa integra,Physa integra,Molluscs;Standard Test Species,other,17,0,0,0,0,0
1282,,Potamogeton perfoliatus,Potamogeton perfoliatus,"Flowers, Trees, Shrubs, Ferns",other,17,0,0,0,0,0
617,,Pteronarcys dorsata,Pteronarcys dorsata,Insects/Spiders,other,17,0,0,0,0,0
1564,,Stylaria lacustris,Stylaria lacustris,Worms,other,17,0,0,0,0,0
20669,,Stylophora pistillata,Stylophora pistillata,Other Invertebrates,other,17,0,0,0,0,0
1616,,Zostera marina,Zostera marina,"Flowers, Trees, Shrubs, Ferns",other,17,0,0,0,0,0
3013,3013,Caridina weberi,Caridina weberi,Crustaceans,crusta,16,16,1,0,0,0
2892,2892,Echinogammarus berilloni,Echinogammarus berilloni,Crustaceans,crusta,16,16,1,0,1,0
5916,5916,Paralichthys orbignyanus,Paralichthys orbignyanus,Fish,fish,16,16,1,0,1,0
17475,17475,Ilyocypris dentifera,Ilyocypris dentifera,Crustaceans,crusta,16,15,1,0,0,0
2450,2450,Daphnia laevis,Daphnia laevis,Crustaceans,crusta,16,14,1,0,1,0
932,932,Asellus hilgendorfii,Asellus hilgendorfii,Crustaceans,crusta,16,13,1,0,1,0
521,521:6061,Procambarus simulans ssp. simulans,Procambarus simulans ssp. simulans,Crustaceans,crusta,16,13,1,0,0,0
2640,2640,Streptocephalus texanus,Streptocephalus texanus,Crustaceans,crusta,16,12,1,0,0,0
1164,1164,Cyclops strenuus,Cyclops strenuus,Crustaceans,crusta,16,11,1,0,0,0
20710,20710,Oryzias melastigma,Oryzias melastigma,Fish,fish,16,9,1,0,0,0
18409,18409,Callianassa kraussi,Callianassa kraussi,Crustaceans,crusta,16,8,1,0,0,0
10296,10296,Lophiosilurus alexandri,Lophiosilurus alexandri,Fish,fish,16,8,1,0,1,0
771,771,Balanus improvisus,Balanus improvisus,Crustaceans,crusta,16,7,1,0,0,0
1202,1202,Chrysophrys major,Chrysophrys major,Fish,fish,16,7,1,0,0,0
19979,19979,Artemia sinica,Artemia sinica,Crustaceans,crusta,16,6,1,0,1,0
4816,4816,Melanotaenia nigrans,Melanotaenia nigrans,Fish,fish,16,6,1,0,1,0
1051,1051,Oncorhynchus masou,Oncorhynchus masou,Fish,fish,16,6,1,0,1,0
1876,1876,Anabaena spiroides,Anabaena spiroides,Algae,algae,16,4,1,0,0,0
34624,34624,Rasbora sumatrana,Rasbora sumatrana,Fish,fish,16,4,1,0,1,0
2357,2357,Pyramimonas sp.,Pyramimonas sp.,Algae,algae,16,1,1,0,0,0
2090,,Aedes sollicitans,Aedes sollicitans,Insects/Spiders,other,16,0,0,0,0,0
1233,,Aedes sticticus,Aedes sticticus,Insects/Spiders,other,16,0,0,0,0,0
29537,,Aedes togoi,Aedes togoi,Insects/Spiders,other,16,0,0,0,0,0
2355,,Anura,Anura,Amphibians,other,16,0,0,0,0,0
495,,Bulinus truncatus,Bulinus truncatus,Molluscs,other,16,0,0,0,0,0
20423,,Coenochloris sp.,Coenochloris sp.,Algae,algae,16,0,0,0,0,0
2503,,Culicoides variipennis,Culicoides variipennis,Insects/Spiders,other,16,0,0,0,0,0
342,,Eretes sticticus,Eretes sticticus,Insects/Spiders,other,16,0,0,0,0,0
34525,,Gymnometriocnemus mahensis,Gymnometriocnemus mahensis,Insects/Spiders,other,16,0,0,0,0,0
2336,,Gyrinus sp.,Gyrinus sp.,Insects/Spiders,other,16,0,0,0,0,0
3029,,Halodule uninervis,Halodule uninervis,"Flowers, Trees, Shrubs, Ferns",other,16,0,0,0,0,0
1684,,Laomedea loveni,Laomedea loveni,Other Invertebrates,other,16,0,0,0,0,0
34603,,Larsia sp.,Larsia sp.,Insects/Spiders,other,16,0,0,0,0,0
719,,Lymnaea emarginata ssp. angulata,Lymnaea emarginata ssp. angulata,Molluscs,other,16,0,0,0,0,0
19008,,Monoraphidium pusillum,Monoraphidium pusillum,Algae,algae,16,0,0,0,0,0
1570,,Ophryotrocha labronica,Ophryotrocha labronica,Worms,other,16,0,0,0,0,0
20097,,Oscillatoria laetevirens,Oscillatoria laetevirens,Algae,algae,16,0,0,0,0,0
20249,,Pinctada fucata,Pinctada fucata,Molluscs,other,16,0,0,0,0,0
2442,,Potamopyrgus jenkinsi,Potamopyrgus jenkinsi,Molluscs,other,16,0,0,0,0,0
727,727:5700,Rasbora daniconius,Rasbora daniconius,Fish,fish,16,0,0,0,1,0
5530,,Rhabditis sp.,Rhabditis sp.,Worms,other,16,0,0,0,0,0
601,,Sphaerium sp.,Sphaerium sp.,Molluscs,other,16,0,0,0,0,0
539,,Stenonema sp.,Stenonema sp.,Insects/Spiders,other,16,0,0,0,0,0
34522,,Tanypus complanatus,Tanypus complanatus,Insects/Spiders,other,16,0,0,0,0,0
18258,,Tellina deltoidalis,Tellina deltoidalis,Molluscs,other,16,0,0,0,0,0
16559,,Tympanotonus fuscatus,Tympanotonus fuscatus,Molluscs,other,16,0,0,0,0,0
5791,,Zostera muelleri,Zostera muelleri,"Flowers, Trees, Shrubs, Ferns",other,16,0,0,0,0,0
852,852,Barbus dorsalis,Barbus dorsalis,Fish,fish,15,15,1,0,0,0
1020,1020,Solea solea,Solea solea,Fish,fish,15,15,1,1,1,1
808,808,Zacco platypus,Zacco platypus,Fish,fish,15,15,1,0,1,0
18864,18864,Jenynsia multidentata,Jenynsia multidentata,Fish,fish,15,14,1,0,0,0
4625,4625,Liza macrolepis,Liza macrolepis,Fish,fish,15,14,1,0,0,0
2183,2183,Acheilognathus moriokae,Acheilognathus moriokae,Fish,fish,15,13,1,0,0,0
34651,34651,Cyanobium sp.,Cyanobium sp.,Algae,algae,15,13,1,0,0,0
135,135,Cyprinodon macularius,Cyprinodon macularius,Fish;U.S. Threatened and Endangered Species,fish,15,13,1,1,1,1
2514,2514,Acipenser brevirostrum,Acipenser brevirostrum,Fish;U.S. Threatened and Endangered Species,fish,15,12,1,1,1,1
1349,1349,Anabas scandens,Anabas scandens,Fish,fish,15,12,1,0,0,0
17733,17733,Tilapia guineensis,Tilapia guineensis,Fish,fish,15,12,1,0,0,0
1789,1789,Esox masquinongy,Esox masquinongy,Fish,fish,15,11,1,1,1,1
2995,2995,Stephanodiscus hantzschii,Stephanodiscus hantzschii,Algae,algae,15,11,1,1,1,0
2516,2516,Acipenser oxyrhynchus,Acipenser oxyrinchus,Fish,fish,15,9,1,0,0,0
1585,1585,Channa marulius,Channa marulius,Fish,fish,15,9,1,0,1,1
1189,1189,Gobio gobio,Gobio gobio,Fish,fish,15,9,1,1,1,1
582,582,Homarus gammarus,Homarus gammarus,Crustaceans,crusta,15,9,1,1,1,1
19905,19905,Nephroselmis pyriformis,Nephroselmis pyriformis,Algae,algae,15,9,1,0,0,0
4705,4705,Paratelphusa hydrodromus,Paratelphusa hydrodromus,Crustaceans,crusta,15,9,1,0,0,0
583,583,Enneacanthus gloriosus,Enneacanthus gloriosus,Fish,fish,15,8,1,1,1,1
11164,11164,Sander lucioperca,Sander lucioperca,Fish,fish,15,8,1,1,1,1
220,220,Eualus sp.,Eualus sp.,Crustaceans,crusta,15,6,1,0,0,0
4794,4794,Chlamydomonas noctigama,Chlamydomonas noctigama,Algae,algae,15,5,1,1,1,0
396,396,Oscillatoria sp.,Oscillatoria sp.,Algae,algae,15,5,1,0,0,0
279,279,Rhinichthys atratulus,Rhinichthys atratulus,Fish,fish,15,4,1,1,1,1
249,249,Trypaea australiensis,Trypaea australiensis,Crustaceans,crusta,15,4,1,0,0,0
2952,,Anabaena doliolum,Anabaena doliolum,Algae,algae,15,0,0,0,0,0
2421,,Anopheles culicifacies,Anopheles culicifacies,Insects/Spiders,other,15,0,0,0,0,0
18421,,Anopheles sinensis,Anopheles sinensis,Insects/Spiders,other,15,0,0,0,0,0
34527,,Bufo gargarizans,Bufo gargarizans,Amphibians,other,15,0,0,0,0,0
303,,Chilomonas paramecium,Chilomonas paramecium,Algae,algae,15,0,0,0,0,0
9994,,Chlorophyta,Chlorophyta,Algae,algae,15,0,0,0,0,0
4787,,Crassostrea margaritacea,Crassostrea margaritacea,Molluscs,other,15,0,0,0,0,0
281,,Cyclopoida,Cyclopoida,Crustaceans,crusta,15,0,0,0,0,0
636,,Cylindrotheca closterium,Cylindrotheca closterium,Algae,algae,15,0,0,0,1,0
1280,1260:1280,Daphnia galeata ssp. mendotae,Daphnia galeata ssp. mendotae,Crustaceans,crusta,15,0,0,0,0,0
1110,,Haliotis gigantea,Haliotis gigantea,Molluscs,other,15,0,0,0,0,0
4728,,Lymnaea peregra ssp. ovata,Lymnaea peregra ssp. ovata,Molluscs,other,15,0,0,0,0,0
459,,Macromia sp.,Macromia sp.,Insects/Spiders,other,15,0,0,0,0,0
2808,,Melanopsis dufouri,Melanopsis dufouri,Molluscs,other,15,0,0,0,0,0
18408,,Melita sp.,Melita sp.,Crustaceans,crusta,15,0,0,0,0,0
2467,,Nemoura cinerea,Nemoura cinerea,Insects/Spiders,other,15,0,0,0,0,0
20425,,Ochromonas ovalis,Ochromonas ovalis,Algae,algae,15,0,0,0,0,0
2121,,Palaemon squilla,Palaemon squilla,Crustaceans,crusta,15,0,0,0,0,0
41406,,Planorbella pilsbryi,Planorbella pilsbryi,Molluscs,other,15,0,0,0,0,0
2360,,Polycelis nigra,Polycelis nigra,Worms,other,15,0,0,0,0,0
801,,Psephenus herricki,Psephenus herricki,Insects/Spiders,other,15,0,0,0,0,0
4411,,Schistosoma mansoni,Schistosoma mansoni,Worms,other,15,0,0,0,0,0
1012,1012,Chlamydotheca arcuata,Chlamydotheca arcuata,Crustaceans,crusta,14,14,1,0,0,0
11375,11375,Craticula accomoda,Craticula accomoda,Algae,algae,14,14,1,0,0,0
2838,2838,Uca annulipes,Uca annulipes,Crustaceans,crusta,14,14,1,0,0,0
2309,2309,Diaphanosoma brachyurum,Diaphanosoma brachyurum,Crustaceans,crusta,14,13,1,0,0,1
5357,5357,Moina australiensis,Moina australiensis,Crustaceans,crusta,14,13,1,0,0,0
437,437:17481,Aulacoseira granulata var. angustissima,Aulacoseira granulata var. angustissima,Algae,algae,14,12,1,1,1,0
2929,2929,Oscillatoria agardhii,Oscillatoria agardhii,Algae,algae,14,12,1,0,0,0
18497,18497,Litopenaeus schmitti,Litopenaeus schmitti,Crustaceans,crusta,14,11,1,0,0,0
4630,4630,Moina mongolica,Moina mongolica,Crustaceans,crusta,14,10,1,0,0,0
4697,4697,Elasmopus bampo,Elasmopus bampo,Crustaceans,crusta,14,8,1,0,0,0
10813,10813,Moina sp.,Moina sp.,Crustaceans,crusta,14,8,1,0,0,0
423,423,Brevoortia tyrannus,Brevoortia tyrannus,Fish,fish,14,7,1,0,1,0
1691,1691,Etheostoma nigrum,Etheostoma nigrum,Fish,fish,14,5,1,0,1,1
5470,5470,Chaetoceros gracilis,Chaetoceros gracilis,Algae,algae,14,4,1,0,0,0
2300,2300,Pomatoschistus microps,Pomatoschistus microps,Fish,fish,14,4,1,0,1,0
1341,1341,Cylindrospermum sp.,Cylindrospermum sp.,Algae,algae,14,2,1,0,0,0
1583,1583,Dunaliella bioculata,Dunaliella bioculata,Algae,algae,14,2,1,0,0,0
26583,26583,Pediastrum boryanum,Pediastrum boryanum,Algae,algae,14,2,1,0,0,0
11943,11943,Phormidium mucicola,Phormidium mucicola,Algae,algae,14,2,1,1,1,0
4777,,Amphimelania holandri,Amphimelania holandri,Molluscs,other,14,0,0,0,0,0
156,,Baetis sp.,Baetis sp.,Insects/Spiders;Standard Test Species,other,14,0,0,0,0,0
2469,,Chironomus crassicaudatus,Chironomus crassicaudatus,Insects/Spiders,other,14,0,0,0,0,0
4808,,Dicrotendipes californicus,Dicrotendipes californicus,Insects/Spiders,other,14,0,0,0,0,0
30614,,Euphlyctis cyanophlyctis,Euphlyctis cyanophlyctis,Amphibians,other,14,0,0,0,0,0
10985,,Glossiphonia sp.,Glossiphonia sp.,Worms,other,14,0,0,0,0,0
1378,,Goeldichironomus holoprasinus,Goeldichironomus holoprasinus,Insects/Spiders,other,14,0,0,0,0,0
3030,,Halophila ovalis,Halophila ovalis,"Flowers, Trees, Shrubs, Ferns",other,14,0,0,0,0,0
5526,,Mysidopsis intii,Mysidopsis intii,Crustaceans,crusta,14,0,0,0,0,0
98,98:11487,Navicula seminulum,Navicula seminulum,Algae,algae,14,0,0,0,0,0
20706,,Notonecta maculata,Notonecta maculata,Insects/Spiders,other,14,0,0,0,0,0
5778,,Plea minutissima,Plea minutissima,Insects/Spiders,other,14,0,0,0,0,0
1452,,Polypedilum nubifer,Polypedilum nubifer,Insects/Spiders,other,14,0,0,0,0,0
31197,,Rhinella fernandezae,Rhinella fernandezae,Amphibians,other,14,0,0,0,0,0
4715,,Simulium squamosum,Simulium squamosum,Insects/Spiders,other,14,0,0,0,0,0
18634,,Symbiodinium sp.,Symbiodinium sp.,Algae,algae,14,0,0,0,0,0
722,722,Cyclops abyssorum ssp. prealpinus,Cyclops abyssorum ssp. prealpinus,Crustaceans,crusta,13,13,1,0,0,0
721,721,Eudiaptomus padanus ssp. padanus,Eudiaptomus padanus ssp. padanus,Crustaceans,crusta,13,13,1,0,0,0
2682,2682,Ceriodaphnia rigaudi,Ceriodaphnia rigaudi,Crustaceans,crusta,13,11,1,0,0,0
17378,17378,Hormosira banksii,Hormosira banksii,Algae;Standard Test Species,algae,13,11,1,1,1,0
922,922,Seriola quinqueradiata,Seriola quinqueradiata,Fish,fish,13,11,1,0,1,0
287,287,Xiphophorus maculatus,Xiphophorus maculatus,Fish,fish,13,11,1,1,1,1
11217,11217,Chaetoceros calcitrans,Chaetoceros calcitrans,Algae,algae,13,10,1,1,1,0
2938,2938,Etroplus maculatus,Etroplus maculatus,Fish,fish,13,10,1,0,1,0
2433,2433,Skistodiaptomus oregonensis,Skistodiaptomus oregonensis,Crustaceans,crusta,13,10,1,0,0,0
382,382,Gammarus duebeni,Gammarus duebeni,Crustaceans,crusta,13,9,1,0,1,0
5176,5176,Liza vaigiensis,Liza vaigiensis,Fish,fish,13,9,1,0,0,0
2997,2997,Palaemon adspersus,Palaemon adspersus,Crustaceans,crusta,13,9,1,0,0,0
384,384,Eucyclops sp.,Eucyclops sp.,Crustaceans,crusta,13,8,1,0,0,0
27776,27776,Acipenser persicus,Acipenser persicus,Fish,fish,13,7,1,1,1,1
1185,1185,Huso huso,Huso huso,Fish,fish,13,7,1,1,1,1
1653,1653,Oligocottus maculosus,Oligocottus maculosus,Fish;Standard Test Species,fish,13,7,1,0,1,0
2163,2163,Coregonus peled,Coregonus peled,Fish,fish,13,6,1,0,1,0
473,473,Pavlova lutheri,Pavlova lutheri,Algae,algae,13,6,1,0,0,0
466,466,Luxilus cornutus,Luxilus cornutus,Fish,fish,13,4,1,0,1,1
4829,4829,Wallago attu,Wallago attu,Fish,fish,13,4,1,0,1,0
10767,10767,Emerita analoga,Emerita analoga,Crustaceans,crusta,13,2,1,0,0,0
1516,,Argia sp.,Argia sp.,Insects/Spiders,other,13,0,0,0,0,0
4765,,Aspidisca cicada,Aspidisca cicada,Other Invertebrates,other,13,0,0,0,0,0
41,,Balanus crenatus,Balanus crenatus,Crustaceans,crusta,13,0,0,0,1,0
5847,,Brachythemis contaminata,Brachythemis contaminata,Insects/Spiders,other,13,0,0,0,0,0
4378,,Cheumatopsyche pettiti,Cheumatopsyche pettiti,Insects/Spiders,other,13,0,0,0,0,0
1451,,Chironomus yoshimatsui,Chironomus yoshimatsui,Insects/Spiders;Standard Test Species,other,13,0,0,0,0,0
17746,,Culiseta incidens,Culiseta incidens,Insects/Spiders,other,13,0,0,0,0,0
1350,,Dugesia gonocephala,Dugesia gonocephala,Worms,other,13,0,0,0,0,0
757,,Dugesia sp.,Dugesia sp.,Worms,other,13,0,0,0,0,0
5163,,Eurythoe complanata,Eurythoe complanata,Worms,other,13,0,0,0,0,0
18625,,Goniastrea aspera,Goniastrea aspera,Other Invertebrates,other,13,0,0,0,0,0
2390,,Haematococcus pluvialis,Haematococcus pluvialis,Algae,algae,13,0,0,0,0,0
413,,Helisoma sp.,Helisoma sp.,Molluscs,other,13,0,0,0,0,0
1942,,Hydra littoralis,Hydra littoralis,Other Invertebrates,other,13,0,0,0,0,0
4398,,Hydropsyche occidentalis,Hydropsyche occidentalis,Insects/Spiders,other,13,0,0,0,0,0
4714,,Leptophlebia marginata,Leptophlebia marginata,Insects/Spiders,other,13,0,0,0,0,0
5889,,Limnodriloides verrucosus,Limnodriloides verrucosus,Worms,other,13,0,0,0,0,0
344,,Ostrea edulis,Ostrea edulis,Molluscs,other,13,0,0,0,0,0
51910,,Physalaemus cuvieri,Physalaemus cuvieri,Amphibians,other,13,0,0,0,0,0
19096,,Polypedates megacephalus,Polypedates megacephalus,Amphibians,other,13,0,0,0,0,0
34425,,Pseudacris feriarum,Pseudacris feriarum,Amphibians,other,13,0,0,0,0,0
17201,,Rana boylii,Rana boylii,Amphibians;U.S. Threatened and Endangered Species,other,13,0,0,0,0,0
1769,,Stichococcus sp.,Stichococcus sp.,Algae,algae,13,0,0,0,0,0
9568,,Stuckenia pectinata,Stuckenia pectinata,"Flowers, Trees, Shrubs, Ferns",other,13,0,0,0,0,0
5192,,Tanytarsus sp.,Tanytarsus sp.,Insects/Spiders,other,13,0,0,0,0,0
5764,,Villosa lienosa,Villosa lienosa,Molluscs,other,13,0,0,0,0,0
269,,Zygoptera,Zygoptera,Insects/Spiders,other,13,0,0,0,0,0
2275,2275,Aplocheilus lineatus,Aplocheilus lineatus,Fish,fish,12,12,1,0,1,0
5755,5755,Asellus meridianus,Asellus meridianus,Crustaceans,crusta,12,12,1,0,0,0
11080,11080,Calamoecia lucasi,Calamoecia lucasi,Crustaceans,crusta,12,12,1,0,0,0
16358,16358,Candidia barbatus,Candidia barbatus,Fish,fish,12,12,1,0,0,0
1258,1258,Daphnia ambigua,Daphnia ambigua,Crustaceans,crusta,12,12,1,0,0,0
2435,2435,Diaptomus clavipes,Diaptomus clavipes,Crustaceans,crusta,12,12,1,0,0,0
5935,5935,Ilyoplax gangetica,Ilyoplax gangetica,Crustaceans,crusta,12,12,1,0,0,0
524,524,Kuhlia sandvicensis,Kuhlia sandvicensis,Fish,fish,12,12,1,0,1,0
2109,2109,Neomysis americana,Neomysis americana,Crustaceans,crusta,12,12,1,0,0,0
5679,5679,Niphargus aquilex,Niphargus aquilex,Crustaceans,crusta,12,12,1,0,0,0
2774,2774,Noemacheilus montanus,Noemacheilus montanus,Fish,fish,12,12,1,0,0,0
16360,16360,Onychostoma barbata,Onychostoma barbata,Fish,fish,12,12,1,0,0,0
5936,5936,Ozius rugulosus,Ozius rugulosus,Crustaceans,crusta,12,12,1,0,1,0
737,737,Pandalus danae,Pandalus danae,Crustaceans;Standard Test Species,crusta,12,12,1,0,0,0
2295,2295,Paratelphusa masoniana,Paratelphusa masoniana,Crustaceans,crusta,12,12,1,0,0,0
19721,19721,Spiralothelphusa hydrodroma,Spiralothelphusa hydrodroma,Crustaceans,crusta,12,12,1,0,0,0
4599,4599,Temora stylifera,Temora stylifera,Crustaceans,crusta,12,12,1,0,0,0
3063,3063,Tropocyclops prasinus ssp. mexicanus,Tropocyclops prasinus ssp. mexicanus,Crustaceans,crusta,12,12,1,0,0,0
17197,17197,Bryocamptus zschokkei,Bryocamptus zschokkei,Crustaceans,crusta,12,10,1,0,0,0
343,343,Elasmopus pectenicrus,Elasmopus pectenicrus,Crustaceans,crusta,12,9,1,0,0,0
1106,1106,Enteromorpha intestinalis,Enteromorpha intestinalis,Algae,algae,12,9,1,0,0,0
2195,2195,Aphanius dispar,Aphanius dispar,Fish,fish,12,8,1,1,1,1
2125,2125,Crangon sp.,Crangon sp.,Crustaceans,crusta,12,8,1,0,0,0
18619,18619,Lithodes santolla,Lithodes santolla,Crustaceans,crusta,12,7,1,0,0,0
889,889,Acipenser stellatus,Acipenser stellatus,Fish,fish,12,6,1,1,1,1
602,602,Orconectes propinquus,Orconectes propinquus,Crustaceans,crusta,12,5,1,0,0,0
2731,2731,Chydorus ovalis,Chydorus ovalis,Crustaceans,crusta,12,1,1,0,0,0
20125,20125,Coryphaena hippurus,Coryphaena hippurus,Fish,fish,12,1,1,0,1,1
5327,5327,Pseudaphritis urvillii,Pseudaphritis urvillii,Fish,fish,12,1,1,0,1,0
34567,,Amphiascoides atopus,Amphiascoides atopus,Crustaceans,crusta,12,0,0,0,0,0
1545,,Anopheles sp.,Anopheles sp.,Insects/Spiders,other,12,0,0,0,0,0
5834,,Aulacomya ater,Aulacomya ater,Molluscs,other,12,0,0,0,0,0
5152,,Capitella sp.,Capitella sp.,Worms,other,12,0,0,0,0,0
34526,,Clunio gerlachi,Clunio gerlachi,Insects/Spiders,other,12,0,0,0,0,0
4385,,Coenagrion sp.,Coenagrion sp.,Insects/Spiders,other,12,0,0,0,0,0
16092,,Drunella doddsi,Drunella doddsi,Insects/Spiders,other,12,0,0,0,0,0
18648,,Euglena mutabilis,Euglena mutabilis,Algae,algae,12,0,0,0,0,0
34396,,Hoplobatrachus rugulosus,Hoplobatrachus rugulosus,Amphibians,other,12,0,0,0,0,0
108,,Hydropsyche californica,Hydropsyche californica,Insects/Spiders,other,12,0,0,0,0,0
255,,Ischnura sp.,Ischnura sp.,Insects/Spiders,other,12,0,0,0,0,0
32092,,Leptodactylus latrans,Leptodactylus latrans,Amphibians,other,12,0,0,0,0,0
24520,,Maccaffertium sp.,Maccaffertium sp.,Insects/Spiders,other,12,0,0,0,0,0
5360,,Mytilopsis sallei,Mytilopsis sallei,Molluscs,other,12,0,0,0,0,0
115,,Nais sp.,Nais sp.,Worms,other,12,0,0,0,0,0
5405,,Navicula confervacea,Navicula confervacea,Algae,algae,12,0,0,0,0,0
2290,,Nereis grubei,Nereis grubei,Worms,other,12,0,0,0,0,0
4584,,Nitzschia obtusa,Nitzschia obtusa,Algae,algae,12,0,0,0,0,0
34524,,Paramerina minima,Paramerina minima,Insects/Spiders,other,12,0,0,0,0,0
18297,,Parreysia cylindrica,Parreysia cylindrica,Molluscs,other,12,0,0,0,0,0
11020,,Parreysia sp.,Parreysia sp.,Molluscs,other,12,0,0,0,0,0
1111,,Pecten yessoensis,Pecten yessoensis,Molluscs,other,12,0,0,0,0,0
5660,,Perkinsus marinus,Perkinsus marinus,Other Invertebrates,other,12,0,0,0,0,0
1986,,Polycelis felina,Polycelis felina,Worms,other,12,0,0,0,0,0
61668,,Pseudanabaena foetida,Pseudanabaena foetida,Algae,algae,12,0,0,0,0,0
542,,Simulium sp.,Simulium sp.,Insects/Spiders,other,12,0,0,0,0,0
1235,,Simulium venustum,Simulium venustum,Insects/Spiders,other,12,0,0,0,0,0
5317,,Stenelmis sp.,Stenelmis sp.,Insects/Spiders,other,12,0,0,0,0,0
10962,,Thiara sp.,Thiara sp.,Molluscs,other,12,0,0,0,0,0
806,,Tipula sp.,Tipula sp.,Insects/Spiders,other,12,0,0,0,0,0
21307,,Trichocorixa sp.,Trichocorixa sp.,Insects/Spiders,other,12,0,0,0,0,0
5866,,Trichodrilus tenuis,Trichodrilus tenuis,Worms,other,12,0,0,0,0,0
259,,Trichoptera,Trichoptera,Insects/Spiders,other,12,0,0,0,0,0
2301,,Vorticella microstoma,Vorticella microstoma,Other Invertebrates,other,12,0,0,0,0,0
11480,11480,Caecidotea sp.,Caecidotea sp.,Crustaceans,crusta,11,12,1,0,0,0
2310,2310,Leptodora kindtii,Leptodora kindtii,Crustaceans,crusta,11,11,1,1,1,1
32058,32058,Mayamaea fossalis,Mayamaea fossalis,Algae,algae,11,11,1,0,0,0
598,598,Hyalella sp.,Hyalella sp.,Crustaceans,crusta,11,10,1,0,0,0
740,740,Pseudodiaptomus coronatus,Pseudodiaptomus coronatus,Crustaceans,crusta,11,10,1,0,0,0
2452,2452,Cypria sp.,Cypria sp.,Crustaceans,crusta,11,8,1,0,0,0
428,428,Anacystis nidulans,Anacystis nidulans,Algae,algae,11,7,1,0,0,0
18239,18239,Thermocyclops oblongatus,Thermocyclops oblongatus,Crustaceans,crusta,11,7,1,0,0,0
356,356,Elminius modestus,Elminius modestus,Crustaceans,crusta,11,5,1,0,0,0
2162,2162,Coregonus lavaretus,Coregonus lavaretus,Fish,fish,11,3,1,1,1,1
4595,4595,Scorpaenichthys marmoratus,Scorpaenichthys marmoratus,Fish,fish,11,3,1,0,1,1
20709,20709,Dictyosphaerium chlorelloides,Dictyosphaerium chlorelloides,Algae,algae,11,2,1,0,0,0
5153,5153,Chaetoceros sp.,Chaetoceros sp.,Algae,algae,11,1,1,0,0,0
6047,,Amblema plicata,Amblema plicata,Molluscs,other,11,0,0,0,0,0
32417,,Anaxyrus fowleri,Anaxyrus fowleri,Amphibians,other,11,0,0,0,0,0
19017,,Atalophlebia sp.,Atalophlebia sp.,Insects/Spiders,other,11,0,0,0,0,0
2824,,Brachionus rubens,Brachionus rubens,Other Invertebrates;Standard Test Species,other,11,0,0,0,0,0
4782,,Caenis horaria,Caenis horaria,Insects/Spiders,other,11,0,0,0,0,0
4772,,Chrysichthys nigrodigitatus,Chrysichthys nigrodigitatus,Fish,fish,11,0,0,0,0,0
39149,,Cipangopaludina cathayensis,Cipangopaludina cathayensis,Molluscs,other,11,0,0,0,0,0
10532,,Crinia insignifera,Crinia insignifera,Amphibians,other,11,0,0,0,0,0
813,,Decapoda,Decapoda,Crustaceans,crusta,11,0,0,0,0,0
591,,Ditylum brightwellii,Ditylum brightwellii,Algae,algae,11,0,0,0,1,0
655,,Egeria densa,Egeria densa,"Flowers, Trees, Shrubs, Ferns;U.S. Invasive Species",other,11,0,0,0,0,0
5161,,Epeorus longimanus,Epeorus longimanus,Insects/Spiders,other,11,0,0,0,0,0
16313,,Euchlanis dilatata,Euchlanis dilatata,Other Invertebrates,other,11,0,0,0,0,0
1193,,Indonaia caerulea,Indonaia caerulea,Molluscs,other,11,0,0,0,0,0
16104,,Lecane hamata,Lecane hamata,Other Invertebrates,other,11,0,0,0,0,0
16103,,Lecane luna,Lecane luna,Other Invertebrates,other,11,0,0,0,0,0
55751,,Margaritifera falcata,Margaritifera falcata,Molluscs,other,11,0,0,0,0,0
1129,,Odonata,Odonata,Insects/Spiders,other,11,0,0,0,0,0
111,,Physella heterostropha,Physella heterostropha,Molluscs,other,11,0,0,0,0,0
10420,,Rana luteiventris,Rana luteiventris,Amphibians,other,11,0,0,0,0,0
5666,,Ranatra elongata,Ranatra elongata,Insects/Spiders,other,11,0,0,0,0,0
2864,,Scapania undulata,Scapania undulata,"Moss, Hornworts",other,11,0,0,0,0,0
590,,Scrobicularia plana,Scrobicularia plana,Molluscs,other,11,0,0,0,0,0
182,,Sigara striata,Sigara striata,Insects/Spiders,other,11,0,0,0,0,0
20322,,Sphaerium simile,Sphaerium simile,Molluscs,other,11,0,0,0,0,0
4677,,Toxorhynchites splendens,Toxorhynchites splendens,Insects/Spiders,other,11,0,0,0,0,0
11086,,Varicosporium elodeae,Varicosporium elodeae,Fungi,other,11,0,0,0,0,0
1785,,Villorita cyprinoides ssp. cochiensis,Villorita cyprinoides ssp. cochiensis,Molluscs,other,11,0,0,0,0,0
5763,,Villosa villosa,Villosa villosa,Molluscs,other,11,0,0,0,0,0
32060,317:32059:32060,Fragilaria capucina ssp. rumpens,Fragilaria capucina ssp. rumpens,Algae,algae,10,20,1,0,0,0
2474,2474,Barbus arulius,Barbus arulius,Fish,fish,10,10,1,0,0,0
2056,2056,Chlorella zofingiensis,Chlorella zofingiensis,Algae,algae,10,10,1,0,0,0
17477,17477,Cypretta seurati,Cypretta seurati,Crustaceans,crusta,10,10,1,0,0,0
1848,1848,Cypris sp.,Cypris sp.,Crustaceans,crusta,10,10,1,0,0,0
4703,4703,Mysidopsis juniae,Mysidopsis juniae,Crustaceans,crusta,10,10,1,0,0,0
10712,10712,Nitzschia pungens,Nitzschia pungens,Algae,algae,10,10,1,0,0,0
1778,1778,Poecilia sp.,Poecilia sp.,Fish,fish,10,10,1,0,0,0
28806,28806,Simocephalus mixtus,Simocephalus mixtus,Crustaceans,crusta,10,10,1,0,1,0
17099,17099,Erimonax monachus,Erimonax monachus,Fish;U.S. Threatened and Endangered Species,fish,10,9,1,0,1,0
562,562,Eudiaptomus gracilis,Eudiaptomus gracilis,Crustaceans,crusta,10,9,1,0,0,0
1440,1440,Neotrypaea californiensis,Neotrypaea californiensis,Crustaceans,crusta,10,9,1,0,0,0
31317,31317,Notodiaptomus conifer,Notodiaptomus conifer,Crustaceans,crusta,10,9,1,0,0,0
17101,17101,Notropis mekistocholas,Notropis mekistocholas,Fish;U.S. Threatened and Endangered Species,fish,10,9,1,0,1,0
1403,1403,Caridina africana,Caridina togoensis,Crustaceans,crusta,10,8,1,0,0,0
2392,2392,Mystus bleekeri,Mystus bleekeri,Fish,fish,10,8,1,0,1,0
291,291,Pomoxis nigromaculatus,Pomoxis nigromaculatus,Fish,fish,10,8,1,1,1,1
20131,20131,Acartia sinjiensis,Acartia sinjiensis,Crustaceans,crusta,10,7,1,0,0,0
2453,2453,Alonella sp.,Alonella sp.,Crustaceans,crusta,10,7,1,0,0,0
2775,2775,Barilius bendelisis,Barilius bendelisis,Fish,fish,10,7,1,0,1,0
20376,20376,Lingulodinium polyedrum,Lingulodinium polyedrum,Algae,algae,10,7,1,0,0,0
1348,1348,Mysis relicta,Mysis relicta,Crustaceans,crusta,10,7,1,0,0,0
518,518,Diacyclops thomasi,Diacyclops thomasi,Crustaceans,crusta,10,6,1,0,0,0
3026,3026,Grandidierella japonica,Grandidierella japonica,Crustaceans;Standard Test Species,crusta,10,6,1,0,0,0
313,313,Navicula incerta,Navicula incerta,Algae,algae,10,6,1,0,0,0
1934,1934,Prosopium williamsoni,Prosopium williamsoni,Fish,fish,10,6,1,0,1,1
416,416,Neopanope texana,Neopanope texana,Crustaceans,crusta,10,5,1,0,0,0
701,701,Citharichthys stigmaeus,Citharichthys stigmaeus,Fish;Standard Test Species,fish,10,4,1,0,1,0
16284,16284,Oithona similis,Oithona similis,Crustaceans,crusta,10,4,1,0,0,1
4773,4773,Pollimyrus isidori,Pollimyrus isidori,Fish,fish,10,4,1,0,1,0
915,915,Poecilia mexicana,Poecilia mexicana,Fish,fish,10,3,1,0,1,0
4673,4673,Monoraphidium griffithii,Monoraphidium griffithii,Algae,algae,10,2,1,0,0,0
1094,1094,Platichthys stellatus,Platichthys stellatus,Fish;Standard Test Species,fish,10,2,1,1,1,1
295,295,Aplodinotus grunniens,Aplodinotus grunniens,Fish,fish,10,1,1,1,1,1
1693,1693,Ceriodaphnia quadrangula,Ceriodaphnia quadrangula,Crustaceans,crusta,10,1,1,0,0,0
4380,4380,Chroomonas sp.,Chroomonas sp.,Algae,algae,10,1,1,0,0,0
5860,5860,Lithodes antarcticus,Lithodes antarcticus,Crustaceans,crusta,10,1,1,0,0,0
10444,10444,Nannochloropsis gaditana,Nannochloropsis gaditana,Algae,algae,10,1,1,0,0,0
277,277,Phoxinus eos,Chrosomus eos,Fish,fish,10,1,1,0,0,0
20711,,Acipenser sinensis,Acipenser sinensis,Fish,fish,10,0,0,0,0,0
18281,,Acroperus elongatus,Acroperus elongatus,Crustaceans,crusta,10,0,0,0,0,0
1595,,Aedes sp.,Aedes sp.,Insects/Spiders,other,10,0,0,0,0,0
49838,,Aglaophamus australiensis,Aglaophamus australiensis,Worms,other,10,0,0,0,0,0
16570,,Amphiprion clarkii,Amphiprion clarkii,Fish,fish,10,0,0,0,0,0
543,,Atherix sp.,Atherix sp.,Insects/Spiders,other,10,0,0,0,0,0
807,,Atherix variegata,Atherix variegata,Insects/Spiders,other,10,0,0,0,0,0
1207,,Bosmina sp.,Bosmina sp.,Crustaceans,crusta,10,0,0,0,0,0
31668,,Brachionus koreanus,Brachionus koreanus,Other Invertebrates,other,10,0,0,0,0,0
1706,,Clinocardium nuttallii,Clinocardium nuttallii,Molluscs,other,10,0,0,0,0,0
10312,,Colpoda cucullus,Colpoda cucullus,Other Invertebrates,other,10,0,0,0,0,0
2870,,Dendrocoelum lacteum,Dendrocoelum lacteum,Worms,other,10,0,0,0,0,0
33458,,Desmodesmus armatus,Desmodesmus armatus,Algae,algae,10,0,0,0,0,0
10765,,Echinoida,Echinoida,Other Invertebrates,other,10,0,0,0,0,0
4826,,Ferosagitta hispida,Ferosagitta hispida,Worms,other,10,0,0,0,0,0
18557,,Heliscus submersus,Heliscus submersus,Fungi,other,10,0,0,0,0,0
16125,,Hypsiboas pulchellus,Hypsiboas pulchellus,Amphibians,other,10,0,0,0,0,0
20068,,Leptodea leptodon,Leptodea leptodon,Molluscs;U.S. Threatened and Endangered Species,other,10,0,0,0,0,0
4574,,Loligo opalescens,Loligo opalescens,Molluscs,other,10,0,0,0,0,0
2981,2981:2982,Melanotaenia splendida ssp. splendida,Melanotaenia splendida ssp. splendida,Fish,fish,10,0,0,0,0,0
3657,,Oryza sativa,Oryza sativa,"Flowers, Trees, Shrubs, Ferns",other,10,0,0,0,0,0
7470,,Oscillatoria chalybea,Oscillatoria chalybea,Algae,algae,10,0,0,0,0,0
1800,,Pediastrum sp.,Pediastrum sp.,Algae,algae,10,0,0,0,0,0
5813,,Pellioditis marina,Pellioditis marina,Worms,other,10,0,0,0,0,0
2203,,Psammechinus miliaris,Psammechinus miliaris,Other Invertebrates,other,10,0,0,0,0,0
1838,,Ranatra filiformis,Ranatra filiformis,Insects/Spiders,other,10,0,0,0,0,0
5367,,Rhithrogena hageni,Rhithrogena hageni,Insects/Spiders,other,10,0,0,0,0,0
66,,Salmonidae,Salmonidae,Fish,fish,10,0,0,0,0,0
2681,,Scapholeberis sp.,Scapholeberis sp.,Crustaceans,crusta,10,0,0,0,0,0
1379,,Tanypus nubifer,Tanypus nubifer,Insects/Spiders,other,10,0,0,0,0,0
137,,Tilapia leucosticta,Tilapia leucosticta,Fish,fish,10,0,0,0,0,0
18382,,Villosa constricta,Villosa constricta,Molluscs,other,10,0,0,0,0,0
4662,4662,Acartia lillgeborgi,Acartia lillgeborgi,Crustaceans,crusta,9,9,1,0,0,0
11273,11273,Acrossocheilus paradoxus,Acrossocheilus paradoxus,Fish,fish,9,9,1,0,1,0
214,214,Balanus eburneus,Balanus eburneus,Crustaceans,crusta,9,9,1,0,0,0
30071,30071,Encyonema silesiacum,Encyonema silesiacum,Algae,algae,9,9,1,0,0,0
463,463,Gammarus limnaeus,Gammarus limnaeus,Crustaceans,crusta,9,9,1,0,0,0
26920,26920,Gila cypha,Gila cypha,Fish;U.S. Threatened and Endangered Species,fish,9,9,1,1,1,1
2420,2420,Mesocyclops hyalinus,Mesocyclops hyalinus,Crustaceans,crusta,9,9,1,0,0,0
2809,2809,Moina dubia,Moina dubia,Crustaceans,crusta,9,9,1,0,0,0
749,749,Mugil saliens,Mugil saliens,Fish,fish,9,9,1,0,0,0
32516,32516,Quinquelaophonte sp.,Quinquelaophonte sp.,Crustaceans,crusta,9,9,1,0,0,0
1667,1667,Echinogammarus olivii,Echinogammarus olivii,Crustaceans,crusta,9,8,1,0,0,0
2955,2955,Geophagus brasiliensis,Geophagus brasiliensis,Fish,fish,9,8,1,0,1,0
31626,31626,Pangasius hypophthalmus,Pangasius hypophthalmus,Fish,fish,9,8,1,0,0,0
2784,2784,Proasellus coxalis,Proasellus coxalis,Crustaceans,crusta,9,8,1,0,1,0
2899,2899,Uca triangularis,Uca triangularis,Crustaceans,crusta,9,7,1,0,0,0
707,707,Opsanus beta,Opsanus beta,Fish,fish,9,6,1,1,1,1
7377,7377,Pterophyllum scalare,Pterophyllum scalare,Fish,fish,9,5,1,0,0,1
1212,1212,Rutilus caspicus,Rutilus caspicus,Fish,fish,9,5,1,0,0,0
1792,1792,Paragrapsus quadridentatus,Paragrapsus quadridentatus,Crustaceans,crusta,9,4,1,0,0,0
650,650,Amia calva,Amia calva,Fish,fish,9,3,1,1,1,1
18862,18862,Chara canescens,Chara canescens,Algae,algae,9,3,1,0,0,0
1297,1297,Cichlasoma nigrofasciatum,Cichlasoma nigrofasciatum,Fish,fish,9,3,1,0,0,0
20707,20707,Oreochromis sp.,Oreochromis sp.,Fish;Standard Test Species,fish,9,3,1,0,0,0
6042,6042,Latreutes fucorum,Latreutes fucorum,Crustaceans,crusta,9,2,1,0,0,0
18,18,Semotilus atromaculatus,Semotilus atromaculatus,Fish,fish,9,2,1,0,1,1
1669,1669,Astacus astacus,Astacus astacus,Crustaceans,crusta,9,1,1,1,1,1
288,288,Culaea inconstans,Culaea inconstans,Fish,fish,9,1,1,1,1,1
20127,20127,Entomoneis punctulata,Entomoneis punctulata,Algae,algae,9,1,1,0,0,0
2067,2067,Penaeus sp.,Penaeus sp.,Crustaceans,crusta,9,1,1,0,0,0
18379,,Adenophlebia auriculata,Adenophlebia auriculata,Insects/Spiders,other,9,0,0,0,0,0
1232,,Aedes communis,Aedes communis,Insects/Spiders,other,9,0,0,0,0,0
2304,,Amnicola limosa,Amnicola limosa,Molluscs,other,9,0,0,0,0,0
227,,Arctopsyche grandis,Arctopsyche grandis,Insects/Spiders,other,9,0,0,0,0,0
880,,Arthropoda,Arthropoda,Other Invertebrates,other,9,0,0,0,0,0
48265,,Branchinecta lynchi,Branchinecta lynchi,Crustaceans;U.S. Threatened and Endangered Species,crusta,9,0,0,0,0,0
1159,,Catenula sp.,Catenula sp.,Worms,other,9,0,0,0,0,0
6009,,Chroococcus sp.,Chroococcus sp.,Algae,algae,9,0,0,0,0,0
5749,,Colpidium sp.,Colpidium sp.,Other Invertebrates,other,9,0,0,0,0,0
10231,,Colpoda inflata,Colpoda inflata,Other Invertebrates,other,9,0,0,0,0,0
7656,,Colpoda steinii,Colpoda steinii,Other Invertebrates,other,9,0,0,0,0,0
924,,Corbicula sp.,Corbicula sp.,Molluscs,other,9,0,0,0,0,0
11023,,Cyclotella gamma,Cyclotella gamma,Algae,algae,9,0,0,0,0,0
4686,,Dictyosphaerium pulchellum,Dictyosphaerium pulchellum,Algae,algae,9,0,0,0,0,0
1243,,Fontinalis antipyretica,Fontinalis antipyretica,"Moss, Hornworts",other,9,0,0,0,0,0
1096,,Fucus serratus,Fucus serratus,Algae,algae,9,0,0,0,0,0
4791,,Gammarus pulex ssp. pulex,Gammarus pulex ssp. pulex,Crustaceans,crusta,9,0,0,0,0,0
2986,,Gillia altilis,Gillia altilis,Molluscs,other,9,0,0,0,0,0
42722,,Gnathia maxillaris,Gnathia maxillaris,Crustaceans,crusta,9,0,0,0,0,0
236,,Gyraulus circumstriatus,Gyraulus circumstriatus,Molluscs,other,9,0,0,0,0,0
541,,Helicopsyche sp.,Helicopsyche sp.,Insects/Spiders,other,9,0,0,0,0,0
33557,,Lemna disperma,Lemna disperma,"Flowers, Trees, Shrubs, Ferns",other,9,0,0,0,0,0
742,,Libellula sp.,Libellula sp.,Insects/Spiders,other,9,0,0,0,0,0
5387,,Nassarius reticulatus,Nassarius reticulatus,Molluscs,other,9,0,0,0,0,0
2805,,Neoplea striola,Neoplea striola,Insects/Spiders,other,9,0,0,0,0,0
2439,,Notropis sp.,Notropis sp.,Fish,fish,9,0,0,0,0,0
25227,,Pangasianodon hypophthalmus,Pangasianodon hypophthalmus,Fish,fish,9,0,0,0,1,1
5896,,Paratya curvirostris,Paratya curvirostris,Crustaceans,crusta,9,0,0,0,1,0
2430,,Perna perna,Perna perna,Molluscs,other,9,0,0,0,0,0
10625,,Phormidium inundatum,Phormidium inundatum,Algae,algae,9,0,0,0,0,0
1336,,Pisidium casertanum,Pisidium casertanum,Molluscs,other,9,0,0,0,0,0
10324,,Pisidium compressum,Pisidium compressum,Molluscs,other,9,0,0,0,0,0
1781,,Planaria sp.,Planaria sp.,Worms,other,9,0,0,0,0,0
1418,,Protozoa,Protozoa,Other Invertebrates,other,9,0,0,0,0,0
4735,,Ruditapes philippinarum,Ruditapes philippinarum,Molluscs;Standard Test Species,other,9,0,0,0,0,0
18039,,Scinax nasicus,Scinax nasicus,Amphibians,other,9,0,0,0,0,0
5901,,Sphaerium novaezelandiae,Sphaerium novaezelandiae,Molluscs,other,9,0,0,0,0,0
10534,,Synedra acus,Synedra acus,Algae,algae,9,0,0,0,0,0
1966,,Synedra sp.,Synedra sp.,Algae;Standard Test Species,algae,9,0,0,0,0,0
355,,Triturus cristatus,Triturus cristatus,Amphibians,other,9,0,0,0,0,0
2812,,Velesunio angasi,Velesunio angasi,Molluscs,other,9,0,0,0,0,0
4638,4638,Parophrys vetulus,Parophrys vetulus,Fish;Standard Test Species,fish,8,9,1,0,1,0
870,870,Carassius sp.,Carassius sp.,Fish,fish,8,8,1,0,0,0
2434,2434,Diaptomus leptopus,Diaptomus leptopus,Crustaceans,crusta,8,8,1,0,0,0
39587,39587,Echinogammarus finmarchicus,Echinogammarus finmarchicus,Crustaceans,crusta,8,8,1,0,0,0
46400,46400,Encyonema gracile,Encyonema gracile,Algae,algae,8,8,1,0,0,0
1936,1936,Gambusia sp.,Gambusia sp.,Fish;Standard Test Species,fish,8,8,1,0,0,0
17738,17738,Litopenaeus stylirostris,Litopenaeus stylirostris,Crustaceans,crusta,8,8,1,0,0,1
18738,18738,Metapenaeus sp.,Metapenaeus sp.,Crustaceans,crusta,8,8,1,0,0,0
141,141,Micrometrus minimus,Micrometrus minimus,Fish,fish,8,8,1,0,1,0
17892,17892,Oithona davisae,Oithona davisae,Crustaceans,crusta,8,8,1,0,0,0
63,63,Palaemonetes paludosus,Palaemonetes paludosus,Crustaceans,crusta,8,8,1,0,0,0
1982,1982,Paragrapsus gaimardii,Paragrapsus gaimardii,Crustaceans,crusta,8,8,1,0,0,0
2555,2555,Pontoporeia hoyi,Pontoporeia hoyi,Crustaceans,crusta,8,8,1,0,0,0
5789,5789,Pseudanabaena galeata,Pseudanabaena galeata,Algae,algae,8,8,1,1,1,0
10953,10953,Sparus sp.,Sparus sp.,Fish,fish,8,8,1,0,0,0
2066,2066,Upogebia pugettensis,Upogebia pugettensis,Crustaceans,crusta,8,8,1,0,0,0
20374,20374,Ceratocorys horrida,Ceratocorys horrida,Algae,algae,8,7,1,0,0,0
10626,10626,Gomphonema sp.,Gomphonema sp.,Algae,algae,8,7,1,0,0,0
2348,2348,Mesocyclops leuckarti,Mesocyclops leuckarti,Crustaceans,crusta,8,7,1,0,0,0
20375,20375,Pyrocystis noctiluca,Pyrocystis noctiluca,Algae,algae,8,7,1,0,0,0
5908,5908,Mesocyclops aspericornis,Mesocyclops aspericornis,Crustaceans,crusta,8,6,1,0,0,0
18622,18622,Navicula forcipata,Navicula forcipata,Algae,algae,8,6,1,0,0,0
4542,4542,Aldrichetta forsteri,Aldrichetta forsteri,Fish,fish,8,5,1,0,1,0
18512,18512,Chlamydomonas acidophila,Chlamydomonas acidophila,Algae,algae,8,5,1,0,0,0
105,105,Umbra pygmaea,Umbra pygmaea,Fish,fish,8,5,1,1,1,1
2273,2273,Colisa lalia,Trichogaster lalius,Fish,fish,8,4,1,0,0,0
18567,18567,Diacypris compacta,Diacypris compacta,Crustaceans,crusta,8,4,1,0,0,0
657,657,Lyngbya sp.,Lyngbya sp.,Algae,algae,8,4,1,0,0,0
107,107,Notropis hudsonius,Notropis hudsonius,Fish,fish,8,4,1,1,1,1
34779,34779,Puntius parrah,Puntius parrah,Fish,fish,8,4,1,0,1,0
380,380,Saduria entomon,Saduria entomon,Crustaceans,crusta,8,4,1,0,0,0
2515,2515,Acipenser fulvescens,Acipenser fulvescens,Fish,fish,8,3,1,1,1,1
20498,20498,Cymbella sp.,Cymbella sp.,Algae,algae,8,3,1,0,0,0
969,969,Pylodictis olivaris,Pylodictis olivaris,Fish;U.S. Invasive Species,fish,8,3,1,1,1,1
226,226,Leptomysis mediterranea,Leptomysis mediterranea,Crustaceans,crusta,8,2,1,0,0,0
2928,2928,Liza ramado,Liza ramado,Fish,fish,8,2,1,0,0,0
1019,1019,Asterionella japonica,Asterionella japonica,Algae,algae,8,1,1,0,1,0
20377,20377,Chroococcus minor,Chroococcus minor,Algae,algae,8,1,1,1,1,0
1482,,Aedes scutellaris,Aedes scutellaris,Insects/Spiders,other,8,0,0,0,0,0
3001,,Amphiura filiformis,Amphiura filiformis,Other Invertebrates,other,8,0,0,0,0,0
906,,Amphora coffeaeformis,Amphora coffeaeformis,Algae,algae,8,0,0,0,0,0
17948,,Anax imperator,Anax imperator,Insects/Spiders,other,8,0,0,0,0,0
29629,,Anaxyrus americanus,Anaxyrus americanus,Amphibians,other,8,0,0,0,0,0
2791,,Anopheles atroparvus,Anopheles atroparvus,Insects/Spiders,other,8,0,0,0,0,0
18345,,Anopheles pseudopunctipennis,Anopheles pseudopunctipennis,Insects/Spiders,other,8,0,0,0,0,0
21354,,Arrenurus sp.,Arrenurus sp.,Insects/Spiders,other,8,0,0,0,0,0
56,,Asterias rubens,Asterias rubens,Other Invertebrates,other,8,0,0,0,0,0
11218,,Attheya sp.,Attheya sp.,Algae,algae,8,0,0,0,0,0
4546,,Azolla caroliniana,Azolla caroliniana,"Flowers, Trees, Shrubs, Ferns",other,8,0,0,0,0,0
2965,,Azolla pinnata,Azolla pinnata,"Flowers, Trees, Shrubs, Ferns",other,8,0,0,0,0,0
10314,,Basommatophora,Basommatophora,Molluscs,other,8,0,0,0,0,0
3008,,Biomphalaria havanensis,Biomphalaria havanensis,Molluscs,other,8,0,0,0,0,0
3011,,Brachionus patulus,Brachionus patulus,Other Invertebrates,other,8,0,0,0,0,0
780,,Brachycentrus occidentalis,Brachycentrus occidentalis,Insects/Spiders,other,8,0,0,0,0,0
11019,,Brotia sp.,Brotia sp.,Molluscs,other,8,0,0,0,0,0
10630,,Chaetoceros muelleri,Chaetoceros muelleri,Algae,algae,8,0,0,0,0,0
11771,,Chasmistes brevirostris,Chasmistes brevirostris,Fish;U.S. Threatened and Endangered Species,fish,8,0,0,0,1,1
1505,,Chironomus attenuatus,Chironomus attenuatus,Insects/Spiders,other,8,0,0,0,0,0
20406,,Chironomus crassiforceps,Chironomus crassiforceps,Insects/Spiders,other,8,0,0,0,0,0
1477,,Chlamydomonas variabilis,Chlamydomonas variabilis,Algae,algae,8,0,0,0,0,0
17520,479:17520,Chlorella vulgaris var. viridis,Chlorella vulgaris var. viridis,Algae,algae,8,0,0,0,0,0
31231,,Chlorococcum minutum,Chlorococcum minutum,Algae,algae,8,0,0,0,0,0
1292,,Choromytilus meridionalis,Choromytilus meridionalis,Molluscs,other,8,0,0,0,0,0
1288,,Coenagrionidae,Coenagrionidae,Insects/Spiders,other,8,0,0,0,0,0
2114,,Colpidium colpoda,Colpidium colpoda,Other Invertebrates,other,8,0,0,0,0,0
2945,,Cryptophyceae,Cryptophyceae,Algae,algae,8,0,0,0,0,0
5428,,Culex melanurus,Culex melanurus,Insects/Spiders,other,8,0,0,0,0,0
2166,,Culex peus,Culex peus,Insects/Spiders,other,8,0,0,0,0,0
5719,,Culicoides schultzei,Culicoides schultzei,Insects/Spiders,other,8,0,0,0,0,0
16409,,Cynopoecilus melanotaenia,Cynopoecilus melanotaenia,Fish,fish,8,0,0,0,1,1
11772,,Deltistes luxatus,Deltistes luxatus,Fish;U.S. Threatened and Endangered Species,fish,8,0,0,0,1,1
16413,,Ephoron virgo,Ephoron virgo,Insects/Spiders,other,8,0,0,0,0,0
19881,,Epidalea calamita,Epidalea calamita,Amphibians,other,8,0,0,0,0,0
5773,,Euplotes aediculatus,Euplotes aediculatus,Other Invertebrates,other,8,0,0,0,0,0
10969,,Filopaludina sp.,Filopaludina sp.,Molluscs,other,8,0,0,0,0,0
317,317:32059:32060,Fragilaria capucina,Fragilaria capucina,Algae,algae,8,0,0,0,0,0
7590,,Globodera rostochiensis,Globodera rostochiensis,Worms;U.S. Invasive Species,other,8,0,0,0,0,0
474,,Goniobasis sp.,Goniobasis sp.,Molluscs,other,8,0,0,0,0,0
20121,,Haliotis rubra,Haliotis rubra,Molluscs,other,8,0,0,0,0,0
18070,,Heleioporus eyrei,Heleioporus eyrei,Amphibians,other,8,0,0,0,0,0
676,,Heptageniidae,Heptageniidae,Insects/Spiders,other,8,0,0,0,0,0
381,,Hydra sp.,Hydra sp.,Other Invertebrates,other,8,0,0,0,0,0
1843,,Hydrophilus sp.,Hydrophilus sp.,Insects/Spiders,other,8,0,0,0,0,0
193,,Hygrotus novemlineatus,Hygrotus novemlineatus,Insects/Spiders,other,8,0,0,0,0,0
1602,,Limnocalanus macrurus,Limnocalanus macrurus,Crustaceans,crusta,8,0,0,0,0,0
321,,Limnochares aquatica,Limnochares aquatica,Insects/Spiders,other,8,0,0,0,0,0
18069,,Limnodynastes dorsalis,Limnodynastes dorsalis,Amphibians,other,8,0,0,0,0,0
4729,,Meretrix meretrix,Meretrix meretrix,Molluscs,other,8,0,0,0,0,0
4632,59:4632,Morone saxatilis x chrysops,Morone saxatilis x chrysops,Fish,fish,8,0,0,0,0,0
25185,,Navicula cryptotenella,Navicula cryptotenella,Algae,algae,8,0,0,0,0,0
4870,,Nitzschia fonticola,Nitzschia fonticola,Algae,algae,8,0,0,0,0,0
59342,,Onychodiaptomus birgei,Onychodiaptomus birgei,Crustaceans,crusta,8,0,0,0,0,0
18737,,Oocystis submarina,Oocystis submarina,Algae,algae,8,0,0,0,0,0
2302,,Opercularia sp.,Opercularia sp.,Other Invertebrates,other,8,0,0,0,0,0
30979,,Parapoynx stratiotata,Parapoynx stratiotata,Insects/Spiders,other,8,0,0,0,0,0
16369,,Perumytilus purpuratus,Perumytilus purpuratus,Molluscs,other,8,0,0,0,0,0
6068,,Planaria gonocephala,Planaria gonocephala,Worms,other,8,0,0,0,0,0
18734,,Planaxis sulcatus,Planaxis sulcatus,Molluscs,other,8,0,0,0,0,0
2120,130:2120,Platichthys flesus ssp. flesus,Platichthys flesus ssp. flesus,Fish,fish,8,0,0,0,0,0
16315,,Plationus patulus,Plationus patulus,Other Invertebrates,other,8,0,0,0,0,0
15634,,Prorocentrum sp.,Prorocentrum sp.,Algae,algae,8,0,0,0,0,0
10828,,Pseudacris crucifer,Pseudacris crucifer,Amphibians,other,8,0,0,0,0,0
7495,,Pyganodon grandis,Pyganodon grandis,Molluscs,other,8,0,0,0,0,0
2916,,Quistadrilus multisetosus,Quistadrilus multisetosus,Worms,other,8,0,0,0,0,0
11586,,Rana aurora,Rana aurora,Amphibians,other,8,0,0,0,0,0
30980,,Ranatra linearis,Ranatra linearis,Insects/Spiders,other,8,0,0,0,0,0
4757,49:2385:4757,Salmo trutta ssp. fario,Salmo trutta ssp. fario,Fish,fish,8,0,0,0,0,0
16072,,Scytonema sp.,Scytonema sp.,Algae,algae,8,0,0,0,0,0
16368,,Semimytilus algosus,Semimytilus algosus,Molluscs,other,8,0,0,0,0,0
4651,,Simulium damnosum,Simulium damnosum,Insects/Spiders,other,8,0,0,0,0,0
87,,Stenonema candidum,Stenonema candidum,Insects/Spiders,other,8,0,0,0,0,0
10845,,Synedra radians,Synedra radians,Algae,algae,8,0,0,0,0,0
2810,,Thiara lineata,Thiara lineata,Molluscs,other,8,0,0,0,0,0
10586,,Ulva pertusa,Ulva pertusa,Algae;Standard Test Species,algae,8,0,0,0,0,0
19130,,Urotricha sp.,Urotricha sp.,Other Invertebrates,other,8,0,0,0,0,0
17069,,Villosa vibex,Villosa vibex,Molluscs,other,8,0,0,0,0,0
40998,,Volucrispora graminea,Volucrispora graminea,Fungi,other,8,0,0,0,0,0
316,316,Barbus barbus ssp. plebejus,Barbus barbus ssp. plebejus,Fish,fish,7,7,1,0,0,0
20159,20159,Colossoma macropomum,Colossoma macropomum,Fish,fish,7,7,1,1,1,1
3021,3021,Daphnia rosea,Daphnia rosea,Crustaceans,crusta,7,7,1,0,0,0
1620,1620,Heliodiaptomus viduus,Heliodiaptomus viduus,Crustaceans,crusta,7,7,1,0,0,0
18732,18732,Leptodius exaratus,Leptodius exaratus,Crustaceans,crusta,7,7,1,0,0,0
5355,5355,Macrobrachium malcolmsonii,Macrobrachium malcolmsonii,Crustaceans,crusta,7,7,1,0,0,0
2591,2591,Notropis topeka,Notropis topeka,Fish;U.S. Threatened and Endangered Species,fish,7,7,1,0,1,1
17879,17879,Palaemonetes argentinus,Palaemonetes argentinus,Crustaceans,crusta,7,7,1,0,0,0
221,221,Pandalus goniurus,Pandalus goniurus,Crustaceans,crusta,7,7,1,0,0,0
1296,1296,Petrolisthes armatus,Petrolisthes armatus,Crustaceans,crusta,7,7,1,0,1,0
11929,11929,Prochilodus scrofa,Prochilodus scrofa,Fish,fish,7,7,1,0,0,0
27874,27874,Robertsonia propinqua,Robertsonia propinqua,Crustaceans,crusta,7,7,1,0,0,0
4548,4548,Bidyanus bidyanus,Bidyanus bidyanus,Fish,fish,7,6,1,0,1,0
1803,1803,Megacyclops viridis,Megacyclops viridis,Crustaceans,crusta,7,6,1,0,0,0
6046,6046,Melanogrammus aeglefinus,Melanogrammus aeglefinus,Fish,fish,7,6,1,0,1,1
1197,1197,Mysidopsis bigelowi,Mysidopsis bigelowi,Crustaceans;Standard Test Species,crusta,7,6,1,0,0,0
11805,11805,Piaractus mesopotamicus,Piaractus mesopotamicus,Fish,fish,7,6,1,0,1,0
5018,5018,Barbus sharpeyi,Barbus sharpeyi,Fish,fish,7,5,1,0,0,0
2279,2279,Clupea harengus,Clupea harengus,Fish;Standard Test Species,fish,7,5,1,1,1,1
7687,7687,Corophium sp.,Corophium sp.,Crustaceans;Standard Test Species,crusta,7,5,1,0,0,0
33531,33531,Puntius chola,Puntius chola,Fish,fish,7,5,1,0,1,0
892,892,Ameiurus natalis,Ameiurus natalis,Fish,fish,7,4,1,1,1,1
16126,16126,Odontesthes bonariensis,Odontesthes bonariensis,Fish,fish,7,4,1,0,1,0
2080,2080,Palaemon sp.,Palaemon sp.,Crustaceans,crusta,7,4,1,0,0,0
2718,2718,Alona affinis,Alona affinis,Crustaceans,crusta,7,3,1,0,0,0
11614,11614,Atherinosoma microstoma,Atherinosoma microstoma,Fish,fish,7,3,1,0,1,0
18728,18728,Niphargus rhenorhodanensis,Niphargus rhenorhodanensis,Crustaceans,crusta,7,3,1,0,0,0
10410,10410,Rhodomonas salina,Rhodomonas salina,Algae,algae,7,3,1,0,0,0
5533,5533,Tetraselmis sp.,Tetraselmis sp.,Algae,algae,7,3,1,0,0,0
282,282,Catostomus catostomus,Catostomus catostomus,Fish,fish,7,2,1,1,1,1
20197,20197,Desmarestia menziesii,Desmarestia menziesii,Algae,algae,7,2,1,0,1,0
2904,,Acroneuria abnormis,Acroneuria abnormis,Insects/Spiders,other,7,0,0,0,0,0
912,,Acroneuria sp.,Acroneuria sp.,Insects/Spiders,other,7,0,0,0,0,0
2471,,Aedes canadensis,Aedes canadensis,Insects/Spiders,other,7,0,0,0,0,0
985,,Anodonta sp.,Anodonta sp.,Molluscs,other,7,0,0,0,0,0
4766,,Anopheles farauti,Anopheles farauti,Insects/Spiders,other,7,0,0,0,0,0
18739,,Astropecten sp.,Astropecten sp.,Other Invertebrates,other,7,0,0,0,0,0
1138,,Calanoida,Calanoida,Crustaceans,crusta,7,0,0,0,0,0
19565,,Chaetoceros calcitrans forma pumilus,Chaetoceros calcitrans forma pumilus,Algae,algae,7,0,0,0,0,0
618,,Chauliodes sp.,Chauliodes sp.,Insects/Spiders,other,7,0,0,0,0,0
2891,,Chironomus salinarius,Chironomus salinarius,Insects/Spiders,other,7,0,0,0,0,0
10762,,Cryptomonas pyrenoidifera,Cryptomonas pyrenoidifera,Algae,algae,7,0,0,0,0,0
1546,,Culex salinarius,Culex salinarius,Insects/Spiders,other,7,0,0,0,0,0
2027,,Cyclotella sp.,Cyclotella sp.,Algae;Standard Test Species,algae,7,0,0,0,0,0
32829,,Dracunculus medinensis,Dracunculus medinensis,Worms,other,7,0,0,0,0,0
1842,,Dytiscus sp.,Dytiscus sp.,Insects/Spiders,other,7,0,0,0,0,0
20108,,Epioblasma triquetra,Epioblasma triquetra,Molluscs;U.S. Threatened and Endangered Species,other,7,0,0,0,0,0
4422,,Euplotes patella,Euplotes patella,Other Invertebrates,other,7,0,0,0,0,0
5344,,Euplotes sp.,Euplotes sp.,Other Invertebrates,other,7,0,0,0,0,0
18736,,Eurythoe sp.,Eurythoe sp.,Worms,other,7,0,0,0,0,0
41049,,Fallceon quilleri,Fallceon quilleri,Insects/Spiders,other,7,0,0,0,0,0
19095,,Fejervarya multistriata,Fejervarya multistriata,Amphibians,other,7,0,0,0,0,0
1097,,Fucus vesiculosus,Fucus vesiculosus,Algae,algae,7,0,0,0,1,0
41050,,Isoperla quinquepunctata,Isoperla quinquepunctata,Insects/Spiders,other,7,0,0,0,0,0
2436,,Juga plicifera,Juga plicifera,Molluscs,other,7,0,0,0,0,0
20105,,Ligumia recta,Ligumia recta,Molluscs,other,7,0,0,0,0,0
595,,Littorina littorea,Littorina littorea,Molluscs,other,7,0,0,0,0,0
1249,,Lymnaea peregra,Lymnaea peregra,Molluscs,other,7,0,0,0,0,0
4433,,Margaritifera margaritifera,Margaritifera margaritifera,Molluscs,other,7,0,0,0,0,0
903,,Marisa cornuarietis,Marisa cornuarietis,Molluscs,other,7,0,0,0,0,0
10710,,Monoraphidium contortum,Monoraphidium contortum,Algae,algae,7,0,0,0,0,0
1996,,Nectopsyche sp.,Nectopsyche sp.,Insects/Spiders,other,7,0,0,0,0,0
1648,,Nostoc calcicola,Nostoc calcicola,Algae,algae,7,0,0,0,1,0
20151,,Oncorhynchus clarkii ssp. clarkii,Oncorhynchus clarkii ssp. clarkii,Fish,fish,7,0,0,0,0,0
535,,Orconectes sp.,Orconectes sp.,Crustaceans;Standard Test Species,crusta,7,0,0,0,0,0
1613,,Paraleptophlebia pallipes,Paraleptophlebia pallipes,Insects/Spiders,other,7,0,0,0,0,0
1501,,Paramecium sp.,Paramecium sp.,Other Invertebrates,other,7,0,0,0,0,0
3043,,Pectinaria californiensis,Pectinaria californiensis,Worms,other,7,0,0,0,0,0
20144,,Perinereis aibuhitensis,Perinereis aibuhitensis,Worms,other,7,0,0,0,0,0
600,,Pisidium sp.,Pisidium sp.,Molluscs,other,7,0,0,0,0,0
5406,,Platynereis dumerilii,Platynereis dumerilii,Worms,other,7,0,0,0,0,0
545,,Pleurocera sp.,Pleurocera sp.,Molluscs,other,7,0,0,0,0,0
877,,Plumatella emarginata,Plumatella emarginata,Other Invertebrates,other,7,0,0,0,0,0
6061,521:6061,Procambarus simulans,Procambarus simulans,Crustaceans,crusta,7,0,0,0,0,0
738,,Protothaca staminea,Protothaca staminea,Molluscs,other,7,0,0,0,0,0
17062,,Romanomermis culicivorax,Romanomermis culicivorax,Worms,other,7,0,0,0,0,0
148,,Rotifera,Rotifera,Other Invertebrates,other,7,0,0,0,0,0
717,,Sepedon fuscipennis,Sepedon fuscipennis,Insects/Spiders,other,7,0,0,0,0,0
3050,,Sigara alternata,Sigara alternata,Insects/Spiders,other,7,0,0,0,0,0
40397,,Spisula trigonella,Spisula trigonella,Molluscs,other,7,0,0,0,0,0
1401,,Stentor coeruleus,Stentor coeruleus,Other Invertebrates,other,7,0,0,0,0,0
48897,,Tatea rufilabris,Tatea rufilabris,Molluscs,other,7,0,0,0,0,0
895,,Tresus capax,Tresus capax,Molluscs,other,7,0,0,0,0,0
18733,,Turbo coronatus,Turbo coronatus,Molluscs,other,7,0,0,0,0,0
18383,,Villosa delumbis,Villosa delumbis,Molluscs,other,7,0,0,0,0,0
2468,,Wyeomyia mitchellii,Wyeomyia mitchellii,Insects/Spiders,other,7,0,0,0,0,0
2632,2632,Apeltes quadracus,Apeltes quadracus,Fish,fish,6,6,1,0,1,1
18731,18731,Boleophthalmus sp.,Boleophthalmus sp.,Fish,fish,6,6,1,0,0,0
2910,2910,Ceriodaphnia cornuta,Ceriodaphnia cornuta,Crustaceans,crusta,6,6,1,0,0,0
627,627,Crangonyx richmondensis ssp. laurentianus,Crangonyx richmondensis ssp. laurentianus,Crustaceans,crusta,6,6,1,0,0,0
2908,2908,Echinisca triserialis,Echinisca triserialis,Crustaceans,crusta,6,6,1,0,0,0
1664,1664,Hemigrapsus oregonensis,Hemigrapsus oregonensis,Crustaceans,crusta,6,6,1,0,0,0
4401,4401,Lirceus alabamae,Lirceus alabamae,Crustaceans,crusta,6,6,1,0,0,0
417,417,Melosira granulata,Melosira granulata,Algae,algae,6,6,1,0,0,0
2232,2232,Mystus cavasius,Mystus cavasius,Fish,fish,6,6,1,0,1,0
10965,10965,Nanosesarma sp.,Nanosesarma sp.,Crustaceans,crusta,6,6,1,0,0,0
1894,1894,Porphyridium aerugineum,Porphyridium aerugineum,Algae,algae,6,6,1,1,1,0
11070,11070,Prochilodus lineatus,Prochilodus lineatus,Fish,fish,6,6,1,0,1,0
280,280,Rhinichthys osculus,Rhinichthys osculus,Fish,fish,6,6,1,0,1,0
34803,34803,Sellaphora minima,Sellaphora minima,Algae,algae,6,6,1,0,0,0
11518,11518,Stenocypris malcolmsoni,Stenocypris malcolmsoni,Crustaceans,crusta,6,6,1,0,0,0
11945,11945,Synechococcus elongatus,Synechococcus elongatus,Algae,algae,6,6,1,1,1,0
18597,18597,Tenagomysis novaezealandiae,Tenagomysis novaezealandiae,Crustaceans,crusta,6,6,1,0,0,0
32268,32268,Tigriopus fulvus,Tigriopus fulvus,Crustaceans,crusta,6,6,1,0,0,0
16297,16297,Trichodactylus borellianus,Trichodactylus borellianus,Crustaceans,crusta,6,6,1,0,0,0
11545,11545,Echinogammarus echinosetosus,Echinogammarus echinosetosus,Crustaceans,crusta,6,5,1,0,0,0
45,45,Leuciscus leuciscus,Leuciscus leuciscus,Fish,fish,6,5,1,0,1,0
1511,1511,Macropodus opercularis,Macropodus opercularis,Fish,fish,6,5,1,0,1,0
20372,20372:34553,Panulirus homarus,Panulirus homarus,Crustaceans,crusta,6,5,1,0,1,0
144,144,Alosa sapidissima,Alosa sapidissima,Fish,fish,6,4,1,1,1,1
19939,19939,Attheyella crassa,Attheyella crassa,Crustaceans,crusta,6,4,1,0,0,0
887,887,Barytelphusa guerini,Barytelphusa guerini,Crustaceans,crusta,6,4,1,0,0,0
1445,1445,Cambarus robustus,Cambarus robustus,Crustaceans,crusta,6,4,1,0,0,0
325,325,Coccolithus huxleyi,Emiliania huxleyi,Algae,algae,6,4,1,0,0,0
24948,24948,Eolimna minima,Eolimna minima,Algae,algae,6,4,1,1,1,0
2513,2513,Lampetra tridentata,Entosphenus tridentatus,Fish,fish,6,4,1,0,0,0
731,731,Lipophrys pholis,Lipophrys pholis,Fish,fish,6,4,1,0,1,1
2486,2486,Macrobrachium hendersodayanus,Macrobrachium hendersodayanus,Crustaceans,crusta,6,4,1,0,0,0
2146,2146,Mugil sp.,Mugil sp.,Fish,fish,6,4,1,0,0,0
1386,1386,Ceriodaphnia sp.,Ceriodaphnia sp.,Crustaceans,crusta,6,3,1,0,0,0
1472,1472,Chlamydomonas eugametos,Chlamydomonas eugametos,Algae,algae,6,3,1,0,0,0
48128,48128,Craterocephalus marjoriae,Craterocephalus marjoriae,Fish,fish,6,3,1,0,1,0
733,733,Homarus vulgaris,Homarus vulgaris,Crustaceans,crusta,6,3,1,0,0,0
4425,4425,Merismopedia tenuissima,Merismopedia tenuissima,Algae,algae,6,3,1,1,1,0
3038,3038,Morone sp.,Morone sp.,Fish,fish,6,3,1,0,0,0
26546,26546,Palaemonetes africanus,Palaemonetes africanus,Crustaceans,crusta,6,3,1,0,0,0
1608,1608,Tolypothrix tenuis,Tolypothrix tenuis,Algae,algae,6,3,1,1,1,0
17176,17176,Anabaena constricta,Anabaena constricta,Algae,algae,6,2,1,0,1,0
39949,39949,Branchinella thailandensis,Branchinella thailandensis,Crustaceans,crusta,6,2,1,0,0,0
264,264,Coregonus hoyi,Coregonus hoyi,Fish,fish,6,2,1,0,1,1
56587,56587,Cyprinella trichroistia,Cyprinella trichroistia,Fish,fish,6,2,1,0,1,1
30073,30073,Gomphonema gracile,Gomphonema gracile,Algae,algae,6,2,1,0,0,0
2107,2107,Pagurus bernhardus,Pagurus bernhardus,Crustaceans,crusta,6,2,1,0,1,1
20389,20389,Eisenia bicyclis,Eisenia bicyclis,Algae,algae,6,1,1,0,0,0
1869,1869,Isochrysis sp.,Isochrysis sp.,Algae,algae,6,1,1,0,0,0
866,866,Polyodon spathula,Polyodon spathula,Fish,fish,6,1,1,0,1,1
314,314,Porphyridium cruentum,Porphyridium cruentum,Algae,algae,6,1,1,0,0,0
2181,2181,Pseudocalanus elongatus,Pseudocalanus elongatus,Crustaceans,crusta,6,1,1,0,0,0
5710,,Acarina,Acarina,Insects/Spiders,other,6,0,0,0,0,0
11720,,Actinosphaerium eichhorni,Actinosphaerium eichhorni,Other Invertebrates,other,6,0,0,0,0,0
16073,,Anabaena fertilissima,Anabaena fertilissima,Algae,algae,6,0,0,0,0,0
1436,,Anax sp.,Anax sp.,Insects/Spiders,other,6,0,0,0,0,0
18641,,Apium nodiflorum,Apium nodiflorum,"Flowers, Trees, Shrubs, Ferns",other,6,0,0,0,0,0
18766,,Argopecten irradians ssp. irradians,Argopecten irradians ssp. irradians,Molluscs,other,6,0,0,0,0,0
643,643:1780,Balanus amphitrite ssp. amphitrite,Balanus amphitrite ssp. amphitrite,Crustaceans,crusta,6,0,0,0,0,0
65353,,Bathynellidae,Bathynellidae,Crustaceans,crusta,6,0,0,0,0,0
567,,Bithynia tentaculata,Bithynia tentaculata,Molluscs,other,6,0,0,0,0,0
17694,,Blepharisma undulans,Blepharisma undulans,Other Invertebrates,other,6,0,0,0,0,0
52888,,Boana pardalis,Boana pardalis,Amphibians,other,6,0,0,0,0,0
28526,,Bombina bombina,Bombina bombina,Amphibians,other,6,0,0,0,0,0
65129,,Brachionus ibericus,Brachionus ibericus,Other Invertebrates,other,6,0,0,0,0,0
1205,,Brachionus sp.,Brachionus sp.,Other Invertebrates;Standard Test Species,other,6,0,0,0,0,0
687,,Brachycentrus sp.,Brachycentrus sp.,Insects/Spiders,other,6,0,0,0,0,0
19471,,Bufo cognatus,Bufo cognatus,Amphibians,other,6,0,0,0,0,0
66288,,Caecidotea bicrenata,Caecidotea bicrenata,Crustaceans,crusta,6,0,0,0,0,0
1712,,Callitriche platycarpa,Callitriche platycarpa,"Flowers, Trees, Shrubs, Ferns",other,6,0,0,0,0,0
2790,,Chaoborus americanus,Chaoborus americanus,Insects/Spiders,other,6,0,0,0,0,0
38521,,Chlamydomonas agloeformis,Chlamydomonas agloeformis,Algae,algae,6,0,0,0,0,0
24779,,Chlamydomonas oblonga,Chlamydomonas oblonga,Algae,algae,6,0,0,0,0,0
5579,,Chlorella rubescens,Chlorella rubescens,Algae,algae,6,0,0,0,0,0
4382,,Closterium ehrenbergii,Closterium ehrenbergii,Algae,algae,6,0,0,0,0,0
5610,,Cobitidae,Cobitidae,Fish,fish,6,0,0,0,0,0
2816,,Corbicula australis,Corbicula australis,Molluscs,other,6,0,0,0,0,0
2136,,Crassostrea cucullata,Crassostrea cucullata,Molluscs,other,6,0,0,0,0,0
50195,,Cryptomonas obovata,Cryptomonas obovata,Algae,algae,6,0,0,0,0,0
10726,,Culex antennatus,Culex antennatus,Insects/Spiders,other,6,0,0,0,0,0
18395,,Culex fuscocephala,Culex fuscocephala,Insects/Spiders,other,6,0,0,0,0,0
467,,Cyprinella spiloptera,Cyprinella spiloptera,Fish,fish,6,0,0,0,1,0
22281,,Desmodesmus sp.,Desmodesmus sp.,Algae,algae,6,0,0,0,0,0
5521,,Diplogasteritus sp.,Diplogasteritus sp.,Worms,other,6,0,0,0,0,0
5522,,Dorylaimus stagnalis,Dorylaimus stagnalis,Worms,other,6,0,0,0,0,0
11616,,Drepanomonas revoluta,Drepanomonas revoluta,Other Invertebrates,other,6,0,0,0,0,0
207,,Echinometra mathaei,Echinometra mathaei,Other Invertebrates,other,6,0,0,0,0,0
1521,,Ephemera japonica,Ephemera japonica,Insects/Spiders,other,6,0,0,0,0,0
2856,,Ephemerella ignita,Ephemerella ignita,Insects/Spiders,other,6,0,0,0,0,0
250,,Ephemerella subvaria,Ephemerella subvaria,Insects/Spiders,other,6,0,0,0,0,0
30612,,Epioblasma brevidens,Epioblasma brevidens,Molluscs;U.S. Threatened and Endangered Species,other,6,0,0,0,0,0
4421,,Euplotes affinis,Euplotes affinis,Other Invertebrates,other,6,0,0,0,0,0
7579,,Filenchus sp.,Filenchus sp.,Worms,other,6,0,0,0,0,0
1567,,Fragilaria pinnata,Fragilaria pinnata,Algae,algae,6,0,0,0,0,0
11766,,Galaxias fasciatus,Galaxias fasciatus,Fish,fish,6,0,0,0,1,0
5725,,Heptagenia sulphurea,Heptagenia sulphurea,Insects/Spiders,other,6,0,0,0,0,0
5581,,Heterosigma akashiwo,Heterosigma akashiwo,Algae,algae,6,0,0,0,0,0
2291,,Lampetra appendix,Lampetra appendix,Fish,fish,6,0,0,0,0,0
38710,,Lecane inermis,Lecane inermis,Other Invertebrates,other,6,0,0,0,0,0
1593,,Lemna perpusilla,Lemna perpusilla,"Flowers, Trees, Shrubs, Ferns;Standard Test Species",other,6,0,0,0,0,0
17110,,Leptodea fragilis,Leptodea fragilis,Molluscs,other,6,0,0,0,0,0
32424,,Leptolyngbya boryana,Leptolyngbya boryana,Algae,algae,6,0,0,0,1,0
5122,,Leptoxis praerosa,Leptoxis praerosa,Molluscs,other,6,0,0,0,0,0
5704,,Leuctra inermis,Leuctra inermis,Insects/Spiders,other,6,0,0,0,0,0
599,,Ligumia sp.,Ligumia sp.,Molluscs,other,6,0,0,0,0,0
17109,,Ligumia subrostrata,Ligumia subrostrata,Molluscs,other,6,0,0,0,0,0
4641,,Lithobates heckscheri,Lithobates heckscheri,Amphibians,other,6,0,0,0,0,0
1041,,Melampus bidentatus,Melampus bidentatus,Molluscs,other,6,0,0,0,0,0
1728,,Mesotaenium caldariorum,Mesotaenium caldariorum,Algae,algae,6,0,0,0,0,0
17924,,Monopylephorus rubroniveus,Monopylephorus rubroniveus,Worms,other,6,0,0,0,0,0
468,,Morone chrysops,Morone chrysops,Fish,fish,6,0,0,0,1,1
504,,Myriophyllum sp.,Myriophyllum sp.,"Flowers, Trees, Shrubs, Ferns",other,6,0,0,0,0,0
49804,,Nitzschia obtusa var. nana,Nitzschia obtusa var. nana,Algae,algae,6,0,0,0,0,0
17695,,Oikomonas termo,Oikomonas termo,Algae,algae,6,0,0,0,0,0
654,,Oncomelania nosophora,Oncomelania nosophora,Molluscs,other,6,0,0,0,0,0
1729,,Oocystis lacustris,Oocystis lacustris,Algae,algae,6,0,0,0,0,0
18741,,Ophionereis dubia,Ophionereis dubia,Other Invertebrates,other,6,0,0,0,0,0
5419,,Orchestia gammarella,Orchestia gammarella,Crustaceans,crusta,6,0,0,0,0,0
64904,,Oryzias mekongensis,Oryzias mekongensis,Fish,fish,6,0,0,0,0,0
11009,,Ostrea sp.,Ostrea sp.,Molluscs,other,6,0,0,0,0,0
3062,,Peloscolex gabriellae,Peloscolex gabriellae,Worms,other,6,0,0,0,0,0
11721,,Perla sp.,Perla sp.,Insects/Spiders,other,6,0,0,0,0,0
61932,,Philodina rapida,Philodina rapida,Other Invertebrates,other,6,0,0,0,0,0
2129,,Phormidium sp.,Phormidium sp.,Algae,algae,6,0,0,0,0,0
11781,,Physella virgata,Physella virgata,Molluscs,other,6,0,0,0,0,0
1080,,Planothidium hauckianum,Planothidium hauckianum,Algae,algae,6,0,0,0,0,0
34842,,Platygyra acuta,Platygyra acuta,Other Invertebrates,other,6,0,0,0,0,0
5529,,Plectus communis,Plectus communis,Worms,other,6,0,0,0,0,0
24657,,Pontastacus leptodactylus,Astacus leptodactylus,Crustaceans,crusta,6,0,0,0,1,0
2104,,Poterioochromonas malhamensis,Poterioochromonas malhamensis,Algae,algae,6,0,0,0,1,0
25975,,Pyrgulopsis idahoensis,Pyrgulopsis idahoensis,Molluscs,other,6,0,0,0,0,0
523,,Rana breviceps,Rana breviceps,Amphibians,other,6,0,0,0,0,0
11768,,Retropinna retropinna,Retropinna retropinna,Fish,fish,6,0,0,0,1,0
1281,,Ruppia maritima,Ruppia maritima,"Flowers, Trees, Shrubs, Ferns",other,6,0,0,0,0,0
139,,Salvelinus malma,Salvelinus malma,Fish,fish,6,0,0,0,1,1
16546,,Siganus rivulatus,Siganus rivulatus,Fish,fish,6,0,0,0,1,1
65025,,Silurus lanzhouensis,Silurus lanzhouensis,Fish,fish,6,0,0,0,0,0
2915,,Spirosperma nikolskyi,Spirosperma nikolskyi,Worms,other,6,0,0,0,0,0
2501,,Spisula solidissima,Spisula solidissima,Molluscs,other,6,0,0,0,0,0
935,,Stenopsyche griseipennis,Stenopsyche griseipennis,Insects/Spiders,other,6,0,0,0,0,0
11385,,Tabularia fasciculata,Tabularia fasciculata,Algae,algae,6,0,0,0,0,0
50146,,Tagia ecuadori,Tagia ecuadori,Worms,other,6,0,0,0,0,0
2811,,Thiara scabra,Thiara scabra,Molluscs,other,6,0,0,0,0,0
5534,,Tobrilus gracilis,Tobrilus gracilis,Worms,other,6,0,0,0,0,0
4736,,Unio elongatulus,Unio elongatulus,Molluscs,other,6,0,0,0,0,0
4429,,Uronema nigricans,Uronema nigricans,Other Invertebrates,other,6,0,0,0,0,0
5674,5674,Barilius vagra,Barilius vagra,Fish,fish,5,5,1,0,1,0
2820,2820,Boleophthalmus dussumieri,Boleophthalmus dussumieri,Fish,fish,5,5,1,0,0,0
2901,2901,Lucifer sp.,Lucifer sp.,Crustaceans,crusta,5,5,1,0,0,0
2414,2414,Macrobrachium naso,Macrobrachium naso,Crustaceans,crusta,5,5,1,0,0,0
1518,1518:6064,Rhodeus sericeus ssp. amarus,Rhodeus sericeus ssp. amarus,Fish,fish,5,5,1,0,1,0
810,810,Scyliorhinus canicula,Scyliorhinus canicula,Fish,fish,5,5,1,0,1,1
5270,5270,Staurastrum chaetoceras,Staurastrum chaetoceras,Algae,algae,5,5,1,0,0,0
1658,1658,Syngnathus fuscus,Syngnathus fuscus,Fish,fish,5,5,1,0,1,0
578,578,Alosa aestivalis,Alosa aestivalis,Fish,fish,5,4,1,0,1,1
2347,2347,Cichlasoma bimaculatum,Cichlasoma bimaculatum,Fish,fish,5,4,1,0,1,0
19390,19390,Eulimnogammarus toletanus,Eulimnogammarus toletanus,Crustaceans,crusta,5,4,1,0,0,0
1659,1659,Gobiosoma bosc,Gobiosoma bosc,Fish,fish,5,4,1,0,1,1
4866,4866,Monopterus albus,Monopterus albus,Fish;U.S. Invasive Species,fish,5,4,1,1,1,1
49938,49938,Mugil liza,Mugil liza,Fish,fish,5,4,1,0,1,1
1870,1870,Pavlova sp.,Pavlova sp.,Algae,algae,5,4,1,0,0,0
5271,5271,Staurastrum manfeldtii,Staurastrum manfeldtii,Algae,algae,5,4,1,0,0,0
5861,5861,Uca uruguayensis,Uca uruguayensis,Crustaceans,crusta,5,4,1,0,0,0
5982,5982,Apocyclops spartinus,Apocyclops spartinus,Crustaceans,crusta,5,3,1,0,0,0
2383,2383,Centropomus undecimalis,Centropomus undecimalis,Fish,fish,5,3,1,1,1,1
27410,27410,Paracyclopina nana,Paracyclopina nana,Crustaceans,crusta,5,3,1,0,0,0
5363,5363,Platygobio gracilis,Platygobio gracilis,Fish,fish,5,3,1,1,1,1
4563,4563,Streptocephalus torvicornis,Streptocephalus torvicornis,Crustaceans,crusta,5,3,1,0,0,0
1366,1366,Triops longicaudatus,Triops longicaudatus,Crustaceans,crusta,5,3,1,1,1,1
57055,57055,Austropotamobius fulcisianus fulcisianus,Austropotamobius fulcisianus fulcisianus,Crustaceans,crusta,5,2,1,0,1,0
638,638,Chlorella salina,Chlorella salina,Algae,algae,5,2,1,0,0,0
25921,25921,Hypomesus transpacificus,Hypomesus transpacificus,Fish;U.S. Threatened and Endangered Species,fish,5,2,1,0,1,0
1337,1337,Pachygrapsus crassipes,Pachygrapsus crassipes,Crustaceans,crusta,5,2,1,0,0,0
53048,53048,Planktothrix rubescens,Planktothrix rubescens,Algae,algae,5,2,1,0,1,0
4902,4902,Plecostomus commersoni,Plecostomus commersoni,Fish,fish,5,2,1,0,0,0
50041,50041,Sphoeroides annulatus,Sphoeroides annulatus,Fish,fish,5,2,1,0,1,0
5551,5551,Tetraselmis tetrathele,Tetraselmis tetrathele,Algae,algae,5,2,1,0,0,0
2105,2105,Achnanthes brevipes,Achnanthes brevipes,Algae,algae,5,1,1,1,1,0
2032,2032,Amphora exigua,Amphora exigua,Algae,algae,5,1,1,0,0,0
1951,1951,Coelastrum microporum,Coelastrum microporum,Algae,algae,5,1,1,0,0,0
472,472,Dunaliella primolecta,Dunaliella primolecta,Algae,algae,5,1,1,0,0,0
312,312,Neochloris sp.,Neochloris sp.,Algae,algae,5,1,1,0,0,0
735,735,Neomysis awatschensis,Neomysis awatschensis,Crustaceans,crusta,5,1,1,0,0,0
3041,3041,Onisimus litoralis,Onisimus litoralis,Crustaceans,crusta,5,1,1,0,0,0
2142,2142,Simocephalus sp.,Simocephalus sp.,Crustaceans,crusta,5,1,1,0,0,0
2106,2106,Stauroneis amphoroides,Stauroneis amphoroides,Algae,algae,5,1,1,0,0,0
29013,,Acropora tumida,Acropora tumida,Other Invertebrates,other,5,0,0,0,0,0
6094,,Aedes atropalpus,Aedes atropalpus,Insects/Spiders,other,5,0,0,0,0,0
16496,,Aiptasia sp.,Aiptasia sp.,Other Invertebrates,other,5,0,0,0,0,0
260,,Alosa pseudoharengus,Alosa pseudoharengus,Fish;U.S. Invasive Species,fish,5,0,0,0,0,0
1790,,Anadara broughtonii,Anadara broughtonii,Molluscs,other,5,0,0,0,0,0
946,,Ankistrodesmus braunii,Ankistrodesmus braunii,Algae,algae,5,0,0,0,0,0
5829,,Aporcelaimellus obtusicaudatus,Aporcelaimellus obtusicaudatus,Worms,other,5,0,0,0,0,0
747,,Arenicola marina,Arenicola marina,Worms,other,5,0,0,0,0,0
1612,,Attaneuria ruralis,Attaneuria ruralis,Insects/Spiders,other,5,0,0,0,0,0
6050,,Bufo punctatus,Bufo punctatus,Amphibians,other,5,0,0,0,0,0
2185,,Bufo quercicus,Bufo quercicus,Amphibians,other,5,0,0,0,0,0
1762,,Calothrix parietina,Calothrix parietina,Algae,algae,5,0,0,0,1,0
1140,,Centrarchidae,Centrarchidae,Fish,fish,5,0,0,0,0,0
4569,,Ceratopsyche bronta,Ceratopsyche bronta,Insects/Spiders,other,5,0,0,0,0,0
180,,Chaoborus crystallinus,Chaoborus crystallinus,Insects/Spiders,other,5,0,0,0,0,0
4377,,Chaoborus flavicans,Chaoborus flavicans,Insects/Spiders,other,5,0,0,0,0,0
5338,,Chilodonella uncinata,Chilodonella uncinata,Other Invertebrates,other,5,0,0,0,0,0
2329,,Chlorohydra viridissima,Chlorohydra viridissima,Other Invertebrates,other,5,0,0,0,0,0
19816,,Chydorus eurynotus,Chydorus eurynotus,Crustaceans,crusta,5,0,0,0,0,0
17215,,Cinygma sp.,Cinygma sp.,Insects/Spiders,other,5,0,0,0,0,0
17323,,Cirolana bovina,Cirolana bovina,Crustaceans,crusta,5,0,0,0,0,0
729,,Corbicula leana,Corbicula leana,Molluscs,other,5,0,0,0,0,0
5015,,Cordylophora caspia,Cordylophora caspia,Other Invertebrates,other,5,0,0,0,0,0
11583,,Coregonus lavaretus ssp. pallasi,Coregonus lavaretus ssp. pallasi,Fish,fish,5,0,0,0,0,0
2917,,Cosmarium obtusatum,Cosmarium obtusatum,Algae,algae,5,0,0,0,0,0
31379,,Cottus confusus,Cottus confusus,Fish,fish,5,0,0,0,0,0
1786,,Crassostrea madrasensis,Crassostrea madrasensis,Molluscs,other,5,0,0,0,0,0
20315,,Crepidula convexa,Crepidula convexa,Molluscs,other,5,0,0,0,0,0
20225,,Dexiotricha granulosa,Dexiotricha granulosa,Other Invertebrates,other,5,0,0,0,0,0
1192,,Donax cuneatus,Donax cuneatus,Molluscs,other,5,0,0,0,0,0
261,,Dorosoma cepedianum,Dorosoma cepedianum,Fish,fish,5,0,0,0,1,1
11712,,Ecdyonurus venosus,Ecdyonurus venosus,Insects/Spiders,other,5,0,0,0,0,0
593,,Ephemera simulans,Ephemera simulans,Insects/Spiders,other,5,0,0,0,0,0
512,,Erpobdella punctata,Erpobdella punctata,Worms,other,5,0,0,0,0,0
20333,,Euplotes mutabilis,Euplotes mutabilis,Other Invertebrates,other,5,0,0,0,0,0
32059,317:32059:32060,Fragilaria capucina var. vaucheriae,Fragilaria capucina var. vaucheriae,Algae,algae,5,0,0,0,0,0
2988,,Franceia sp.,Franceia sp.,Algae,algae,5,0,0,0,0,0
947,,Glossiphonia complanata,Glossiphonia complanata,Worms,other,5,0,0,0,0,0
17618,,Halteria grandinella,Halteria grandinella,Other Invertebrates,other,5,0,0,0,0,0
61,,Hexagenia rigida,Hexagenia rigida,Insects/Spiders,other,5,0,0,0,0,0
2979,,Hirudo medicinalis,Hirudo medicinalis,Worms,other,5,0,0,0,0,0
5472,,Hydra americana,Hydra americana,Other Invertebrates,other,5,0,0,0,0,0
1413,,Hydrilla sp.,Hydrilla sp.,"Flowers, Trees, Shrubs, Ferns",other,5,0,0,0,0,0
223,,Hydropsyche pellucidula,Hydropsyche pellucidula,Insects/Spiders,other,5,0,0,0,0,0
4726,,Hyriopsis cumingii,Hyriopsis cumingii,Molluscs,other,5,0,0,0,0,0
851,851:1070,Idotea balthica ssp. basteri,Idotea balthica ssp. basteri,Crustaceans,crusta,5,0,0,0,0,0
488,,Invertebrates,Invertebrates,Other Invertebrates,other,5,0,0,0,0,0
5765,,Lampsilis teres,Lampsilis teres,Molluscs,other,5,0,0,0,0,0
2828,,Leptophlebia sp.,Leptophlebia sp.,Insects/Spiders,other,5,0,0,0,0,0
5933,,Limnephilus lunatus,Limnephilus lunatus,Insects/Spiders,other,5,0,0,0,0,0
28123,,Lithobates clamitans,Lithobates clamitans,Amphibians;Standard Test Species,other,5,0,0,0,0,0
6063,,Lithobates grylio,Lithobates grylio,Amphibians,other,5,0,0,0,0,0
10802,,Lithoglyphus virens,Lithoglyphus virens,Molluscs,other,5,0,0,0,0,0
42146,,Microhyla pulchra,Microhyla pulchra,Amphibians,other,5,0,0,0,0,0
31676,,Monoraphidium dybowskii,Monoraphidium dybowskii,Algae,algae,5,0,0,0,0,0
10806,,Mysidae,Mysidae,Crustaceans,crusta,5,0,0,0,0,0
11102,,Nassarius festivus,Nassarius festivus,Molluscs,other,5,0,0,0,0,0
1841,,Nepa sp.,Nepa sp.,Insects/Spiders,other,5,0,0,0,0,0
805,,Nigronia serricornis,Nigronia serricornis,Insects/Spiders,other,5,0,0,0,0,0
188,,Notonecta glauca,Notonecta glauca,Insects/Spiders,other,5,0,0,0,0,0
1771,,Nucella lapillus,Nucella lapillus,Molluscs,other,5,0,0,0,0,0
178,,Orthocladius sp.,Orthocladius sp.,Insects/Spiders,other,5,0,0,0,0,0
1135,,Ostracoda,Ostracoda,Crustaceans,crusta,5,0,0,0,0,0
57632,,Paratanytarsus grimmii,Paratanytarsus grimmii,Insects/Spiders,other,5,0,0,0,0,0
24997,,Paspalum vaginatum,Paspalum vaginatum,"Flowers, Trees, Shrubs, Ferns;U.S. Invasive Species",other,5,0,0,0,0,0
718,,Penaeus californiensis,Penaeus californiensis,Crustaceans,crusta,5,0,0,0,1,0
27319,,Philodina acuticornis odiosa,Philodina acuticornis odiosa,Other Invertebrates,other,5,0,0,0,0,0
40844,,Pleurocera uncialis,Pleurocera uncialis,Molluscs,other,5,0,0,0,0,0
20111,,Ptychobranchus fasciolaris,Ptychobranchus fasciolaris,Molluscs,other,5,0,0,0,0,0
778,,Pycnopsyche guttifera,Pycnopsyche guttifera,Insects/Spiders,other,5,0,0,0,0,0
31058,,Rana dalmatina,Rana dalmatina,Amphibians,other,5,0,0,0,0,0
17199,,Rana pretiosa,Rana pretiosa,Amphibians;U.S. Threatened and Endangered Species,other,5,0,0,0,0,0
31065,,Rana sierrae,Rana sierrae,Amphibians;U.S. Threatened and Endangered Species,other,5,0,0,0,0,0
1935,,Salvinia natans,Salvinia natans,"Flowers, Trees, Shrubs, Ferns",other,5,0,0,0,0,0
41052,,Serratella micheneri,Serratella micheneri,Insects/Spiders,other,5,0,0,0,0,0
1261,,Sesarma cinereum,Sesarma cinereum,Crustaceans,crusta,5,0,0,0,0,0
19520,,Simulium latigonium,Simulium latigonium,Insects/Spiders,other,5,0,0,0,0,0
4883,,Simulium virgatum,Simulium virgatum,Insects/Spiders,other,5,0,0,0,0,0
32002,,Sinanodonta woodiana,Sinanodonta woodiana,Molluscs,other,5,0,0,0,0,0
913,,Skwala sp.,Skwala sp.,Insects/Spiders,other,5,0,0,0,0,0
26656,,Spea multiplicata,Spea multiplicata,Amphibians,other,5,0,0,0,0,0
2896,,Synechocystis aquatilis,Synechocystis aquatilis,Algae,algae,5,0,0,0,1,0
26567,,Taenionema sp.,Taenionema sp.,Insects/Spiders,other,5,0,0,0,0,0
93,,Taeniopteryx nivalis,Taeniopteryx nivalis,Insects/Spiders,other,5,0,0,0,0,0
5784,,Tanytarsini,Tanytarsini,Insects/Spiders,other,5,0,0,0,0,0
10947,,Triceratium sp.,Triceratium sp.,Algae,algae,5,0,0,0,0,0
15965,,Trichoderma viride,Trichoderma viride,Fungi,other,5,0,0,0,0,0
5914,,Trochilia minuta,Trochilia minuta,Other Invertebrates,other,5,0,0,0,0,0
10452,,Tylencholaimus sp.,Tylencholaimus sp.,Worms,other,5,0,0,0,0,0
16410,,Tympanotonus fuscatus var. radula,Tympanotonus fuscatus var. radula,Molluscs,other,5,0,0,0,0,0
20428,,Ulva reticulata,Ulva reticulata,Algae,algae,5,0,0,0,0,0
26703,,Unio crassus,Unio crassus,Molluscs,other,5,0,0,0,0,0
5373,,Vorticella convallaria,Vorticella convallaria,Other Invertebrates,other,5,0,0,0,0,0
10998,,Vorticella sp.,Vorticella sp.,Other Invertebrates,other,5,0,0,0,0,0
11922,11922,Ampelisca araucana,Ampelisca araucana,Crustaceans,crusta,4,4,1,0,0,0
31962,31962,Amphibalanus amphitrite,Amphibalanus amphitrite,Crustaceans,crusta,4,4,1,0,0,1
16796,16796,Amphidinium operculatum,Amphidinium operculatum,Algae,algae,4,4,1,0,0,0
2031,2031,Amphiprora paludosa,Amphiprora paludosa,Algae,algae,4,4,1,1,1,0
31364,31364,Arapaima gigas,Arapaima gigas,Fish,fish,4,4,1,0,1,1
499,499,Archosargus probatocephalus,Archosargus probatocephalus,Fish,fish,4,4,1,0,1,1
2299,2299,Arius felis,Arius felis,Fish,fish,4,4,1,0,0,0
34302,34302,Barbodes carnaticus,Barbodes carnaticus,Fish,fish,4,4,1,0,1,0
32018,32018,Barbus grypus,Barbus grypus,Fish,fish,4,4,1,0,0,0
11076,11076,Boeckella delicata,Boeckella delicata,Crustaceans,crusta,4,4,1,0,0,0
41207,41207,Chanodichthys erythropterus,Chanodichthys erythropterus,Fish,fish,4,4,1,0,1,0
4745,4745,Cirrhinus molitorella,Cirrhinus molitorella,Fish,fish,4,4,1,0,1,0
2760,2760,Coregonus muksun,Coregonus muksun,Fish,fish,4,4,1,0,1,0
772,772,Corophium acherusicum,Corophium acherusicum,Crustaceans,crusta,4,4,1,0,0,0
5870,5870,Craterocephalus stercusmuscarum,Craterocephalus stercusmuscarum,Fish,fish,4,4,1,0,1,0
29858,29858,Cyprinella leedsi,Cyprinella leedsi,Fish,fish,4,4,1,0,1,0
15796,15796,Daphnia curvirostris,Daphnia curvirostris,Crustaceans,crusta,4,4,1,0,0,0
5867,5867,Daphnia spinulata,Daphnia spinulata,Crustaceans,crusta,4,4,1,0,0,0
18545,18545,Diogenes pugilator,Diogenes pugilator,Crustaceans,crusta,4,4,1,0,0,0
28501,28501,Emerita brasiliensis,Emerita brasiliensis,Crustaceans,crusta,4,4,1,0,1,0
1115,1115,Etheostoma flabellare,Etheostoma flabellare,Fish,fish,4,4,1,0,1,1
2933,2933,Eualus suckleyi,Eualus suckleyi,Crustaceans,crusta,4,4,1,0,0,0
18586,18586,Exosphaeroma gigas,Exosphaeroma gigas,Crustaceans,crusta,4,4,1,0,0,0
34773,34773,Fistulifera saprophila,Fistulifera saprophila,Algae,algae,4,4,1,1,1,0
1941,1941,Gammarus annulatus,Gammarus annulatus,Crustaceans,crusta,4,4,1,0,1,0
26072,26072,Geitlerinema amphibium,Geitlerinema amphibium,Algae,algae,4,4,1,0,0,0
24940,24940,Gomphonema clavatum,Gomphonema clavatum,Algae,algae,4,4,1,0,0,0
465,465,Gymnocorymbus ternetzi,Gymnocorymbus ternetzi,Fish,fish,4,4,1,0,1,0
41903,41903,Hemigrammus erythrozonus,Hemigrammus erythrozonus,Fish,fish,4,4,1,0,1,0
17784,17784,Leporinus obtusidens,Leporinus obtusidens,Fish,fish,4,4,1,0,0,0
9944,9944,Lutjanus argentimaculatus,Lutjanus argentimaculatus,Fish,fish,4,4,1,0,1,0
31720,31720,Macrobrachium superbum,Macrobrachium superbum,Crustaceans,crusta,4,4,1,0,0,0
16412,16412,Macrophthalmus erato,Macrophthalmus erato,Crustaceans,crusta,4,4,1,0,1,0
5911,5911,Mesocyclops longisetus,Mesocyclops longisetus,Crustaceans,crusta,4,4,1,0,0,0
18825,18825,Mesocyclops pehpeiensis,Mesocyclops pehpeiensis,Crustaceans,crusta,4,4,1,0,0,0
41211,41211,Mylopharyngodon piceus,Mylopharyngodon piceus,Fish;U.S. Invasive Species,fish,4,4,1,0,1,0
5476,5476,Nemacheilus botia,Nemacheilus botia,Fish,fish,4,4,1,0,0,0
25168,25168,Neocaridina heteropoda,Neocaridina heteropoda,Crustaceans,crusta,4,4,1,0,0,0
5871,5871,Odontesthes argentinensis,Odontesthes argentinensis,Fish,fish,4,4,1,0,1,1
16591,16591,Palaemon northropi,Palaemon northropi,Crustaceans,crusta,4,4,1,0,0,0
1580,1580,Panulirus argus,Panulirus argus,Crustaceans,crusta,4,4,1,0,1,0
20080,20080,Peprilus triacanthus,Peprilus triacanthus,Fish,fish,4,4,1,0,1,0
41217,41217,Plagiognathops microlepis,Plagiognathops microlepis,Fish,fish,4,4,1,0,1,0
1013,1013,Plecoglossus altivelis,Plecoglossus altivelis,Fish,fish,4,4,1,0,1,0
16740,16740,Pogonichthys macrolepidotus,Pogonichthys macrolepidotus,Fish,fish,4,4,1,1,1,1
41904,41904,Puntigrus tetrazona,Puntigrus tetrazona,Fish,fish,4,4,1,0,1,0
61333,61333,Rhinogobius giurinus,Rhinogobius giurinus,Fish,fish,4,4,1,0,0,0
2058,2058,Schilbe mystus,Schilbe mystus,Fish,fish,4,4,1,0,1,0
3048,3048,Sergestes lucens,Sergestes lucens,Crustaceans,crusta,4,4,1,0,0,0
39823,39823,Sesarma huzardi,Sesarma huzardi,Crustaceans,crusta,4,4,1,0,0,0
29896,29896,Simocephalus elizabethae,Simocephalus elizabethae,Crustaceans,crusta,4,4,1,0,0,0
1829,1829,Stigeoclonium tenue,Stigeoclonium tenue,Algae,algae,4,4,1,0,0,0
29002,29002,Synechogobius hasta,Synechogobius hasta,Fish,fish,4,4,1,0,0,0
20130,20130,Talitrus saltator,Talitrus saltator,Crustaceans,crusta,4,4,1,0,0,0
1107,1107,Ulva lactuca,Ulva lactuca,Algae,algae,4,4,1,0,0,0
2890,2890,Acartia sp.,Acartia sp.,Crustaceans,crusta,4,3,1,0,0,0
4779,4779,Barbus stigma,Barbus stigma,Fish,fish,4,3,1,0,0,0
15996,15996,Boleophthalmus boddarti,Boleophthalmus boddarti,Fish,fish,4,3,1,0,1,0
19937,19937,Bryocamptus echinatus,Bryocamptus echinatus,Crustaceans,crusta,4,3,1,0,0,0
19938,19938,Bryocamptus minutus,Bryocamptus minutus,Crustaceans,crusta,4,3,1,0,0,0
19936,19936,Bryocamptus pygmaeus,Bryocamptus pygmaeus,Crustaceans,crusta,4,3,1,0,0,0
470,470,Chlorella autotrophica,Chlorella autotrophica,Algae,algae,4,3,1,0,0,0
34571,34571,Cochlodinium polykrikoides,Cochlodinium polykrikoides,Algae,algae,4,3,1,0,0,0
6052,6052,Cyclocypris sp.,Cyclocypris sp.,Crustaceans,crusta,4,3,1,0,0,0
1038,1038,Diplodus sargus,Diplodus sargus,Fish,fish,4,3,1,0,1,1
1506,1506,Eurypanopeus depressus,Eurypanopeus depressus,Crustaceans,crusta,4,3,1,0,0,0
1256,1256,Labeo fimbriatus,Labeo fimbriatus,Fish,fish,4,3,1,0,1,0
1037,1037,Lithognathus mormyrus,Lithognathus mormyrus,Fish,fish,4,3,1,0,1,1
40921,40921,Orchomenella pinguis,Orchomenella pinguis,Crustaceans,crusta,4,3,1,0,0,0
4410,4410,Pseudanabaena mucicola,Pseudanabaena mucicola,Algae,algae,4,3,1,1,1,0
11601,11601,Pseudomugil signifer,Pseudomugil signifer,Fish,fish,4,3,1,0,1,0
95,95,Rasbora trilineata,Rasbora trilineata,Fish,fish,4,3,1,0,1,0
2958,2958,Rhamdia sapo,Rhamdia sapo,Fish,fish,4,3,1,0,0,0
2073,2073,Tilapia sparrmanii,Tilapia sparrmanii,Fish,fish,4,3,1,0,1,0
4804,4804,Vimba vimba,Vimba vimba,Fish,fish,4,3,1,1,1,1
1755,1755,Anabaena circinalis,Anabaena circinalis,Algae,algae,4,2,1,0,0,0
11612,11612,Astacopsis gouldi,Astacopsis gouldi,Crustaceans,crusta,4,2,1,0,1,0
1807,1807,Barbus guganio,Barbus guganio,Fish,fish,4,2,1,0,0,0
436,436,Bowmaniella dissimilis,Bowmaniella dissimilis,Crustaceans,crusta,4,2,1,0,0,0
20650,20650,Chromis viridis,Chromis viridis,Fish,fish,4,2,1,0,1,0
5690,5690,Cyprinodon dearborni,Cyprinodon dearborni,Fish,fish,4,2,1,0,1,0
4781,4781,Dunaliella viridis,Dunaliella viridis,Algae,algae,4,2,1,0,0,0
585,585,Hemigrapsus nudus,Hemigrapsus nudus,Crustaceans,crusta,4,2,1,0,0,0
17,17,Ictalurus sp.,Ictalurus sp.,Fish,fish,4,2,1,0,0,0
290,290,Lepomis megalotis,Lepomis megalotis,Fish,fish,4,2,1,1,1,1
5939,5939,Macrobrachium idella ssp. idella,Macrobrachium idella ssp. idella,Crustaceans,crusta,4,2,1,0,0,0
2021,2021,Nitzschia angularis var. affinis,Nitzschia angularis var. affinis,Algae,algae,4,2,1,0,0,0
20246,20246,Periophthalmus waltoni,Periophthalmus waltoni,Fish,fish,4,2,1,0,0,0
2278,2278,Pomatoschistus minutus,Pomatoschistus minutus,Fish,fish,4,2,1,1,1,1
1242,1242,Potamonautes sp.,Potamonautes sp.,Crustaceans,crusta,4,2,1,0,0,0
29050,29050,Zilchiopsis collastinensis,Zilchiopsis collastinensis,Crustaceans,crusta,4,2,1,0,0,0
1462,1462,Afrochiltonia subtenuis,Austrochiltonia subtenuis,Crustaceans,crusta,4,1,1,0,0,0
48378,48378,Amniataba percoides,Amniataba percoides,Fish,fish,4,1,1,0,1,0
336,336,Amphidinium carterae,Amphidinium carterae,Algae,algae,4,1,1,0,0,0
1034,1034,Gaidropsarus capensis,Gaidropsarus capensis,Fish,fish,4,1,1,0,0,0
469,469,Sander canadensis,Sander canadensis,Fish,fish,4,1,1,0,1,1
5665,,Acineria uncinata,Acineria uncinata,Other Invertebrates,other,4,0,0,0,0,0
5518,,Acrobeloides buetschlii,Acrobeloides buetschlii,Worms,other,4,0,0,0,0,0
51,,Acroneuria lycorias,Acroneuria lycorias,Insects/Spiders,other,4,0,0,0,0,0
2704,,Acroperus harpae,Acroperus harpae,Crustaceans,crusta,4,0,0,0,0,0
5824,,Alatospora acuminata,Alatospora acuminata,Fungi,other,4,0,0,0,0,0
48094,,Ambassis macleayi,Ambassis macleayi,Fish,fish,4,0,0,0,0,0
2184,,Ambystoma texanum,Ambystoma texanum,Amphibians,other,4,0,0,0,0,0
1968,,Anabaena catenula,Anabaena catenula,Algae,algae,4,0,0,0,0,0
32422,,Arthrospira fusiformis,Arthrospira fusiformis,Algae,algae,4,0,0,0,0,0
5334,,Aspidisca lynceus,Aspidisca lynceus,Other Invertebrates,other,4,0,0,0,0,0
11787,,Atheriniformes,Atheriniformes,Fish,fish,4,0,0,0,0,0
65838,,Atherix pachypus,Atherix pachypus,Insects/Spiders,other,4,0,0,0,0,0
4719,,Bellamya dissimilis,Bellamya dissimilis,Molluscs,other,4,0,0,0,0,0
4710,,Blepharisma americanum,Blepharisma americanum,Other Invertebrates,other,4,0,0,0,0,0
5438,,Bryconamericus iheringii,Bryconamericus iheringii,Fish,fish,4,0,0,0,0,0
5044,,Bufo terrestris,Bufo terrestris,Amphibians,other,4,0,0,0,0,0
4720,,Bulinus globosus,Bulinus globosus,Molluscs,other,4,0,0,0,0,0
10612,,Bulinus nasutus,Bulinus nasutus,Molluscs,other,4,0,0,0,0,0
20418,,Burnupia stenochorias,Burnupia stenochorias,Molluscs,other,4,0,0,0,0,0
19455,,Callibaetis fluctuans,Callibaetis fluctuans,Insects/Spiders,other,4,0,0,0,0,0
2425,,Callibaetis skokianus,Callibaetis skokianus,Insects/Spiders,other,4,0,0,0,0,0
5151,,Calothrix sp.,Calothrix sp.,Algae,algae,4,0,0,0,0,0
66340,,Caridina pseudodenticulata,Caridina pseudodenticulata,Crustaceans,crusta,4,0,0,0,0,0
1998,,Centroptilum sp.,Centroptilum sp.,Insects/Spiders,other,4,0,0,0,0,0
18643,,Ceramium tenuicorne,Ceramium tenuicorne,Algae;Standard Test Species,algae,4,0,0,0,0,0
34303,,Ceratoneis closterium,Ceratoneis closterium,Algae,algae,4,0,0,0,0,0
1761,,Ceratophyllum sp.,Ceratophyllum sp.,"Flowers, Trees, Shrubs, Ferns",other,4,0,0,0,0,0
1325,,Chara vulgaris,Chara vulgaris,Algae,algae,4,0,0,0,0,0
11679,,Chattonella marina,Chattonella marina,Algae,algae,4,0,0,0,0,0
18209,,Chironomus ramosus,Chironomus ramosus,Insects/Spiders,other,4,0,0,0,0,0
17648,,Chlamydomonas terricola,Chlamydomonas terricola,Algae,algae,4,0,0,0,0,0
18465,,Chlorogonium elongatum,Chlorogonium elongatum,Algae,algae,4,0,0,0,0,0
2267,,Cipangopaludina chinensis,Cipangopaludina chinensis,Molluscs,other,4,0,0,0,0,0
1351,,Cladophora glomerata,Cladophora glomerata,Algae,algae,4,0,0,0,0,0
3018,,Clioperla clio,Clioperla clio,Insects/Spiders,other,4,0,0,0,0,0
38522,,Coccomyxa subellipsoidea,Coccomyxa subellipsoidea,Algae,algae,4,0,0,0,0,0
5875,,Colubotelson chiltoni ssp. minor,Colubotelson chiltoni ssp. minor,Crustaceans,crusta,4,0,0,0,0,0
6035,,Crassostrea sp.,Crassostrea sp.,Molluscs,other,4,0,0,0,0,0
48092,,Craterocephalus marianae,Craterocephalus marianae,Fish,fish,4,0,0,0,0,0
2826,,Culicoides sp.,Culicoides sp.,Insects/Spiders,other,4,0,0,0,0,0
19557,,Cynops pyrrhogaster,Cynops pyrrhogaster,Amphibians,other,4,0,0,0,0,0
48041,,Diamesa zernyi,Diamesa zernyi,Insects/Spiders,other,4,0,0,0,0,0
10329,,Diatomaceae,Diatomaceae,Algae,algae,4,0,0,0,0,0
18292,,Disparalona rostrata,Disparalona rostrata,Crustaceans,crusta,4,0,0,0,0,0
2043,,Donax trunculus,Donax trunculus,Molluscs,other,4,0,0,0,0,0
613,,Drunella cornuta,Drunella cornuta,Insects/Spiders,other,4,0,0,0,0,0
4557,,Dugesia bengalensis,Dugesia bengalensis,Worms,other,4,0,0,0,0,0
162,,Dytiscus marginalis,Dytiscus marginalis,Insects/Spiders,other,4,0,0,0,0,0
34391,,Ecklonia cava,Ecklonia cava,Algae,algae,4,0,0,0,0,0
11930,,Egeria sp.,Egeria sp.,"Flowers, Trees, Shrubs, Ferns",other,4,0,0,0,0,0
5769,,Elliptio icterina,Elliptio icterina,Molluscs,other,4,0,0,0,0,0
525,,Encrasicholina purpurea,Encrasicholina purpurea,Fish,fish,4,0,0,0,0,0
40910,,Encyonema neomesianum,Encyonema neomesianum,Algae,algae,4,0,0,0,0,0
4751,,Epinephelus sp.,Epinephelus sp.,Fish,fish,4,0,0,0,0,0
534,,Erpobdellidae,Erpobdellidae,Worms,other,4,0,0,0,0,0
872,,Euplotes vannus,Euplotes vannus,Other Invertebrates,other,4,0,0,0,0,0
19186,,Fasciola gigantica,Fasciola gigantica,Worms,other,4,0,0,0,0,0
11765,,Gobiomorphus cotidianus,Gobiomorphus cotidianus,Fish,fish,4,0,0,0,1,0
5256,,Gobius sp.,Gobius sp.,Fish,fish,4,0,0,0,0,0
62160,,Hamiota subangulata,Hamiota subangulata,Molluscs;U.S. Threatened and Endangered Species,other,4,0,0,0,0,0
16354,,Helisoma duryi,Helisoma duryi,Molluscs,other,4,0,0,0,0,0
2038,,Hesperophylax sp.,Hesperophylax sp.,Insects/Spiders,other,4,0,0,0,0,0
18593,,Hyale longicornis,Hyale longicornis,Crustaceans,crusta,4,0,0,0,0,0
4713,,Hydropsyche siltalai,Hydropsyche siltalai,Insects/Spiders,other,4,0,0,0,0,0
1647,,Hydropsychidae,Hydropsychidae,Insects/Spiders,other,4,0,0,0,0,0
19880,,Hyla meridionalis,Hyla meridionalis,Amphibians,other,4,0,0,0,0,0
5168,,Ichthyomyzon sp.,Ichthyomyzon sp.,Fish,fish,4,0,0,0,0,0
161,,Illybius angustior,Illybius angustior,Insects/Spiders,other,4,0,0,0,0,0
616,,Isoperla slossonae,Isoperla slossonae,Insects/Spiders,other,4,0,0,0,0,0
1172,,Isoperla sp.,Isoperla sp.,Insects/Spiders,other,4,0,0,0,0,0
4570,,Laevicardium mortoni,Laevicardium mortoni,Molluscs,other,4,0,0,0,0,0
5172,,Lampetra sp.,Lampetra sp.,Fish,fish,4,0,0,0,0,0
16172,,Lampsilis sp.,Lampsilis sp.,Molluscs,other,4,0,0,0,0,0
2773,,Lanistes carinatus,Lanistes carinatus,Molluscs,other,4,0,0,0,0,0
65586,,Lateolabrax maculatus,Lateolabrax maculatus,Fish,fish,4,0,0,0,0,0
65839,,Lebertia sp.,Lebertia sp.,Insects/Spiders,other,4,0,0,0,0,0
4572,,Leiopotherapon unicolor,Leiopotherapon unicolor,Fish,fish,4,0,0,0,0,0
1239,,Leptodictyum riparium,Leptodictyum riparium,"Moss, Hornworts",other,4,0,0,0,0,0
450,,Lophopodella carteri,Lophopodella carteri,Other Invertebrates,other,4,0,0,0,0,0
237,,Lymnaea palustris,Lymnaea palustris,Molluscs,other,4,0,0,0,0,0
18591,,Melita awa,Melita awa,Crustaceans,crusta,4,0,0,0,0,0
18589,,Melita matilda,Melita matilda,Crustaceans,crusta,4,0,0,0,0,0
994,,Metapenaeopsis barbata,Metapenaeopsis barbata,Crustaceans,crusta,4,0,0,0,0,0
22680,,Micrasema sp.,Micrasema sp.,Insects/Spiders,other,4,0,0,0,0,0
498,,Microcoleus vaginatus,Microcoleus vaginatus,Algae,algae,4,0,0,0,0,0
455,,Misgurnus fossilis,Misgurnus fossilis,Fish,fish,4,0,0,0,0,0
989,,Modiolus modiolus,Modiolus modiolus,Molluscs,other,4,0,0,0,0,0
30978,,Molanna angustata,Molanna angustata,Insects/Spiders,other,4,0,0,0,0,0
4865,,Monhystera microphthalma,Monhystera microphthalma,Worms,other,4,0,0,0,0,0
1003,,Monodonta turbinata,Monodonta turbinata,Molluscs,other,4,0,0,0,0,0
11743,,Morula granulata,Morula granulata,Molluscs,other,4,0,0,0,0,0
10897,,Myriophyllum heterophyllum,Myriophyllum heterophyllum,"Flowers, Trees, Shrubs, Ferns;U.S. Invasive Species",other,4,0,0,0,0,0
10365,,Myriophyllum verticillatum,Myriophyllum verticillatum,"Flowers, Trees, Shrubs, Ferns",other,4,0,0,0,0,0
18256,,Mysella anomala,Mysella anomala,Molluscs,other,4,0,0,0,0,0
1984,,Mysida,Mysida,Crustaceans,crusta,4,0,0,0,0,0
2083,,Mytilus edulis ssp. planulatus,Mytilus edulis ssp. planulatus,Molluscs,other,4,0,0,0,0,0
65232,,Neocaridina denticulata ssp. sinensis,Neocaridina denticulata ssp. sinensis,Crustaceans,crusta,4,0,0,0,0,0
5874,,Neoniphargus sp.,Neoniphargus sp.,Crustaceans,crusta,4,0,0,0,0,0
11107,,Nerita albicilla,Nerita albicilla,Molluscs,other,4,0,0,0,0,0
11104,,Nerita chamaeleon,Nerita chamaeleon,Molluscs,other,4,0,0,0,0,0
16068,,Nostoc sphaericum,Nostoc sphaericum,Algae,algae,4,0,0,0,0,0
16784,,Notonecta indica,Notonecta indica,Insects/Spiders,other,4,0,0,0,0,0
515,,Notonectidae,Notonectidae,Insects/Spiders,other,4,0,0,0,0,0
34561,,Odontella mobiliensis,Odontella mobiliensis,Algae,algae,4,0,0,0,0,0
975,,Oligochaeta,Oligochaeta,Worms,other,4,0,0,0,0,0
20115,,Onchidium sp.,Onchidium sp.,Molluscs,other,4,0,0,0,0,0
5913,,Opercularia coarctata,Opercularia coarctata,Other Invertebrates,other,4,0,0,0,0,0
5912,,Opercularia minima,Opercularia minima,Other Invertebrates,other,4,0,0,0,0,0
615,,Paragnetina media,Paragnetina media,Insects/Spiders,other,4,0,0,0,0,0
15674,,Parathelphusidae,Parathelphusidae,Crustaceans,crusta,4,0,0,0,0,0
876,,Pectinatella magnifica,Pectinatella magnifica,Other Invertebrates,other,4,0,0,0,0,0
66068,,Peracantha truncata,Peracantha truncata,Crustaceans,crusta,4,0,0,0,0,0
5184,,Petromyzon sp.,Petromyzon sp.,Fish,fish,4,0,0,0,0,0
16296,,Physalaemus biligonigerus,Physalaemus biligonigerus,Amphibians,other,4,0,0,0,0,0
44328,,Physalaemus centralis,Physalaemus centralis,Amphibians,other,4,0,0,0,0,0
6080,,Physella integra,Physella integra,Molluscs,other,4,0,0,0,0,0
25539,,Pila ovata,Pila ovata,Molluscs,other,4,0,0,0,0,0
10437,,Plectus parietinus,Plectus parietinus,Worms,other,4,0,0,0,0,0
39968,,Poecilobdella viridis,Poecilobdella viridis,Worms,other,4,0,0,0,0,0
31029,,Polypedates cruciger,Polypedates cruciger,Amphibians,other,4,0,0,0,0,0
29905,,Polypedilum nubiferum,Polypedilum nubiferum,Insects/Spiders,other,4,0,0,0,0,0
5828,,Prionchulus punctatus,Prionchulus punctatus,Worms,other,4,0,0,0,0,0
17546,,Procloeon sp.,Procloeon sp.,Insects/Spiders,other,4,0,0,0,0,0
4592,,Prymnesiophyceae,Prymnesiophyceae,Algae,algae,4,0,0,0,0,0
185,,Psectrocladius sp.,Psectrocladius sp.,Insects/Spiders,other,4,0,0,0,0,0
48093,,Pseudomugil tenellus,Pseudomugil tenellus,Fish,fish,4,0,0,0,0,0
30056,,Quasipaa spinosa,Quasipaa spinosa,Amphibians,other,4,0,0,0,0,0
6020,,Radix peregra,Radix peregra,Molluscs,other,4,0,0,0,0,0
5653,,Radix plicatula,Radix plicatula,Molluscs,other,4,0,0,0,0,0
17968,,Rana cascadae,Rana cascadae,Amphibians,other,4,0,0,0,0,0
5938,,Saccostrea cuccullata,Saccostrea cuccullata,Molluscs,other,4,0,0,0,0,0
2246,,Sagittaria sp.,Sagittaria sp.,"Flowers, Trees, Shrubs, Ferns",other,4,0,0,0,0,0
1470,,Salvelinus leucomaenis,Salvelinus leucomaenis,Fish,fish,4,0,0,0,0,0
18293,,Scapholeberis microcephala,Scapholeberis microcephala,Crustaceans,crusta,4,0,0,0,0,0
556,,Scenedesmus obtusiusculus,Scenedesmus obtusiusculus,Algae,algae,4,0,0,0,0,0
1190,,Scenedesmus opoliensis,Scenedesmus opoliensis,Algae,algae,4,0,0,0,0,0
16974,,Scherffelia dubia,Scherffelia dubia,Algae,algae,4,0,0,0,0,0
2837,,Schistosoma haematobium,Schistosoma haematobium,Worms,other,4,0,0,0,0,0
11733,,Scinax nasica,Scinax nasica,Amphibians,other,4,0,0,0,0,0
11558,,Scrippsiella trochoidea,Scrippsiella trochoidea,Algae,algae,4,0,0,0,1,0
692,,Simuliidae,Simuliidae,Insects/Spiders,other,4,0,0,0,0,0
34079,,Sinotaia aeruginosa,Sinotaia aeruginosa,Molluscs,other,4,0,0,0,0,0
18259,,Soletellina alba,Soletellina alba,Molluscs,other,4,0,0,0,0,0
28720,,Spea bombifrons,Spea bombifrons,Amphibians,other,4,0,0,0,0,0
2099,,Spirodela oligorhiza,Spirodela oligorhiza,"Flowers, Trees, Shrubs, Ferns;Standard Test Species",other,4,0,0,0,0,0
38526,,Spongiochloris excentrica,Spongiochloris excentrica,Algae,algae,4,0,0,0,0,0
17078,,Staurastrum cristatum,Staurastrum cristatum,Algae,algae,4,0,0,0,0,0
2785,,Stenonema femoratum,Stenonema femoratum,Insects/Spiders,other,4,0,0,0,0,0
6066,,Stenonema rubrum,Stenonema rubrum,Insects/Spiders,other,4,0,0,0,0,0
16798,,Storeatula major,Storeatula major,Algae,algae,4,0,0,0,0,0
6101,,Sweltsa sp.,Sweltsa sp.,Insects/Spiders,other,4,0,0,0,0,0
2323,,Synedra ulna,Synedra ulna,Algae,algae,4,0,0,0,0,0
3057,,Tanypus neopunctipennis,Tanypus neopunctipennis,Insects/Spiders,other,4,0,0,0,0,0
1448,,Thalassia testudinum,Thalassia testudinum,"Flowers, Trees, Shrubs, Ferns",other,4,0,0,0,0,0
2881,,Theragra chalcogramma,Theragra chalcogramma,Fish,fish,4,0,0,0,0,0
20057,,Tricladium chaetocladium,Tricladium chaetocladium,Fungi,other,4,0,0,0,0,0
605,,Tricorythodes sp.,Tricorythodes sp.,Insects/Spiders,other,4,0,0,0,0,0
843,,Tropisternus lateralis,Tropisternus lateralis,Insects/Spiders,other,4,0,0,0,0,0
5830,,Tylenchus elegans,Tylenchus elegans,Worms,other,4,0,0,0,0,0
4602,,Uronema marinum,Uronema marinum,Other Invertebrates,other,4,0,0,0,0,0
644,644,Acartia simplex,Acartia simplex,Crustaceans,crusta,3,3,1,0,0,0
1779,1779,Acartia spinicauda,Acartia spinicauda,Crustaceans,crusta,3,3,1,0,0,0
274,274,Agosia chrysogaster,Agosia chrysogaster,Fish,fish,3,3,1,0,1,1
2714,2714,Alona guttata,Alona guttata,Crustaceans,crusta,3,3,1,0,0,0
18137,18137,Amphora coffeaeformis var. perpusilla,Amphora coffeaeformis var. perpusilla,Algae,algae,3,3,1,0,0,0
1767,1767,Anacystis alpicola,Gloeocapsa alpicola,Algae,algae,3,3,1,0,0,0
15658,15658,Aphanius iberus,Aphanius iberus,Fish,fish,3,3,1,1,1,1
4739,4739,Barbus macrops,Barbus macrops,Fish,fish,3,3,1,0,0,0
278,278,Canthocamptus sp.,Canthocamptus sp.,Crustaceans,crusta,3,3,1,0,0,0
6051,6051,Catostomus platyrhynchus,Catostomus platyrhynchus,Fish,fish,3,3,1,0,1,1
1255,1255,Chlorococcum hypnosporum,Chlorococcum hypnosporum,Algae,algae,3,3,1,0,0,0
5399,5399,Cichlasoma managuense,Cichlasoma managuense,Fish,fish,3,3,1,0,0,0
2961,2961,Cichlasoma urophthalmus,Cichlasoma urophthalmus,Fish,fish,3,3,1,0,0,0
4746,4746,Clarias anguillaris,Clarias anguillaris,Fish,fish,3,3,1,0,1,0
432,432,Danio malabaricus,Danio malabaricus,Fish,fish,3,3,1,0,0,0
18313,18313,Echinogammarus meridionalis,Echinogammarus meridionalis,Crustaceans,crusta,3,3,1,0,0,0
2957,2957,Eucalanus sp.,Eucalanus sp.,Crustaceans,crusta,3,3,1,0,0,0
2983,2983,Galaxias truttaceus,Galaxias truttaceus,Fish,fish,3,3,1,0,1,0
17737,17737,Gambusia yucatana,Gambusia yucatana,Fish,fish,3,3,1,0,1,0
5672,5672,Garra gotyla ssp. gotyla,Garra gotyla ssp. gotyla,Fish,fish,3,3,1,0,0,0
20592,20592,Heptacarpus futilirostris,Heptacarpus futilirostris,Crustaceans,crusta,3,3,1,0,0,0
1036,1036,Heteromycteris capensis,Heteromycteris capensis,Fish,fish,3,3,1,0,0,0
32815,32815,Hyphessobrycon eques,Hyphessobrycon eques,Fish,fish,3,3,1,0,1,0
2618,2618,Ictalurus furcatus,Ictalurus furcatus,Fish,fish,3,3,1,1,1,1
860,860,Labeo bata,Labeo bata,Fish,fish,3,3,1,0,1,0
581,581,Labeo boga,Labeo boga,Fish,fish,3,3,1,0,1,0
4623,4623,Labeo calbasu,Labeo calbasu,Fish,fish,3,3,1,0,1,0
17080,17080,Leander tenuicornis,Leander tenuicornis,Crustaceans,crusta,3,3,1,0,0,0
1587,1587,Lepomis sp.,Lepomis sp.,Fish,fish,3,3,1,0,0,0
1015,1015,Leuciscus cephalus,Leuciscus cephalus,Fish,fish,3,3,1,0,0,0
1715,1715,Lythrurus umbratilis,Lythrurus umbratilis,Fish,fish,3,3,1,1,1,1
41454,41454,Macrothrix flabelligera,Macrothrix flabelligera,Crustaceans,crusta,3,3,1,0,0,0
16419,16419,Maja squinado,Maja squinado,Crustaceans,crusta,3,3,1,0,1,0
6040,6040,Metamysidopsis elongata,Metamysidopsis elongata,Crustaceans,crusta,3,3,1,0,0,0
17211,17211,Microdeutopus gryllotalpa,Microdeutopus gryllotalpa,Crustaceans,crusta,3,3,1,0,0,0
1058,1058,Micropterus treculii,Micropterus treculii,Fish,fish,3,3,1,0,1,1
11490,11490,Monoraphidium minutum,Monoraphidium minutum,Algae,algae,3,3,1,0,0,0
10442,10442,Nannochloris atomus,Nannochloris atomus,Algae,algae,3,3,1,0,0,0
16310,16310,Odontesthes regia,Odontesthes regia,Fish,fish,3,3,1,0,1,0
645,645,Paracalanus parvus,Paracalanus parvus,Crustaceans,crusta,3,3,1,0,0,0
17743,17743,Paramelita nigroculus,Paramelita nigroculus,Crustaceans,crusta,3,3,1,0,0,0
2148,2148,Portunus trituberculatus,Portunus trituberculatus,Crustaceans,crusta,3,3,1,0,0,1
4737,4737,Pseudambassis ranga,Parambassis ranga,Fish,fish,3,3,1,0,0,0
628,628,Rasbora neilgherriensis,Rasbora neilgherriensis,Fish,fish,3,3,1,0,0,0
646,646,Scutellidium sp.,Scutellidium sp.,Crustaceans,crusta,3,3,1,0,0,0
10418,10418,Solea senegalensis,Solea senegalensis,Fish,fish,3,3,1,0,1,1
5999,5999,Subeucalanus pileatus,Subeucalanus pileatus,Crustaceans,crusta,3,3,1,0,0,0
4415,4415,Tilapia hornorum,Tilapia hornorum,Fish,fish,3,3,1,0,0,0
4828,4828,Tilapia spilurus,Tilapia spilurus,Fish,fish,3,3,1,0,0,0
703,703,Tortanus forcipatus,Tortanus forcipatus,Crustaceans,crusta,3,3,1,0,0,0
763,763,Uca pugnax,Uca pugnax,Crustaceans,crusta,3,3,1,0,0,0
31,31,Chlorella ovalis,Chlorella ovalis,Algae,algae,3,2,1,0,0,0
2402,2402,Gonium sp.,Gonium sp.,Algae,algae,3,2,1,0,0,0
3049,3049,Siganus fuscescens,Siganus fuscescens,Fish,fish,3,2,1,0,1,0
491,491,Stenotomus chrysops,Stenotomus chrysops,Fish,fish,3,2,1,0,1,0
4414,4414,Synedra rumpens,Synedra rumpens,Algae,algae,3,2,1,0,0,0
3060,3060,Tridentiger trigonocephalus,Tridentiger trigonocephalus,Fish,fish,3,2,1,0,1,0
4539,4539,Achnanthes minutissima,Achnanthes minutissima,Algae,algae,3,1,1,0,0,0
19045,19045,Alona rectangula,Alona rectangula,Crustaceans,crusta,3,1,1,0,0,0
289,289,Ambloplites rupestris,Ambloplites rupestris,Fish,fish,3,1,1,0,1,1
3003,3003,Anonyx nugax,Anonyx nugax,Crustaceans,crusta,3,1,1,0,0,0
1963,1963,Asterionella formosa,Asterionella formosa,Algae,algae,3,1,1,1,1,0
172,172,Bosmina coregoni,Eubosmina coregoni,Crustaceans,crusta,3,1,1,0,0,0
18404,18404,Clarias submarginatus,Clarias submarginatus,Fish,fish,3,1,1,0,1,0
34113,34113,Microcystis novacekii,Microcystis novacekii,Algae,algae,3,1,1,1,1,0
1889,1889,Pediastrum duplex,Pediastrum duplex,Algae,algae,3,1,1,0,0,0
28981,28981,Phalloceros caudimaculatus,Phalloceros caudimaculatus,Fish,fish,3,1,1,0,1,0
100,100,Pomoxis annularis,Pomoxis annularis,Fish,fish,3,1,1,0,1,1
2191,2191,Salvelinus alpinus,Salvelinus alpinus,Fish,fish,3,1,1,1,1,1
1900,1900,Thalassiosira rotula,Thalassiosira rotula,Algae,algae,3,1,1,0,1,0
19182,19182,Zygnema cylindricum,Zygnema cylindricum,Algae,algae,3,1,1,0,0,0
65169,,Acartia danae,Acartia danae,Crustaceans,crusta,3,0,0,0,0,0
1911,,Acartia hudsonica,Acartia hudsonica,Crustaceans,crusta,3,0,0,0,0,0
7385,,Acrobeles sp.,Acrobeles sp.,Worms,other,3,0,0,0,0,0
7388,,Acrobeloides sp.,Acrobeloides sp.,Worms,other,3,0,0,0,0,0
4375,,Adineta vaga,Adineta vaga,Other Invertebrates,other,3,0,0,0,0,0
65056,,Aequipecten tehuelchus,Aequipecten tehuelchus,Molluscs,other,3,0,0,0,0,0
3039,,Agnetina capitata,Agnetina capitata,Insects/Spiders,other,3,0,0,0,0,0
1387,,Alona sp.,Alona sp.,Crustaceans,crusta,3,0,0,0,0,0
5333,,Ambystoma jeffersonianum,Ambystoma jeffersonianum,Amphibians,other,3,0,0,0,0,0
5145,,Amphinemura sulcicollis,Amphinemura sulcicollis,Insects/Spiders,other,3,0,0,0,0,0
65872,,Anabaena affinis,Anabaena affinis,Algae,algae,3,0,0,0,0,0
11767,,Anguilla australis,Anguilla australis,Fish,fish,3,0,0,0,1,0
11777,,Anguilla dieffenbachii,Anguilla dieffenbachii,Fish,fish,3,0,0,0,0,0
1275,,Anisogammarus confervicolus,Anisogammarus confervicolus,Crustaceans,crusta,3,0,0,0,0,0
49561,,Ankistrodesmus fusiformis,Ankistrodesmus fusiformis,Algae,algae,3,0,0,0,0,0
5728,,Anopheles coustani,Anopheles coustani,Insects/Spiders,other,3,0,0,0,0,0
7400,,Aphelenchoides sp.,Aphelenchoides sp.,Worms,other,3,0,0,0,0,0
23393,,Arctopsyche sp.,Arctopsyche sp.,Insects/Spiders,other,3,0,0,0,0,0
6025,,Armandia brevis,Armandia brevis,Worms,other,3,0,0,0,0,0
4544,,Armandia maculata,Armandia maculata,Worms,other,3,0,0,0,0,0
1810,,Asplanchna brightwelli,Asplanchna brightwelli,Other Invertebrates,other,3,0,0,0,0,0
11785,,Austromenidia laticlavia,Austromenidia laticlavia,Fish,fish,3,0,0,0,0,0
5656,,Azolla filiculoides,Azolla filiculoides,"Flowers, Trees, Shrubs, Ferns",other,3,0,0,0,0,0
5736,,Biomphalaria pfeifferi,Biomphalaria pfeifferi,Molluscs,other,3,0,0,0,0,0
1225,,Bivalvia,Bivalvia,Molluscs;Standard Test Species,other,3,0,0,0,0,0
56684,,Boana faber,Boana faber,Amphibians,other,3,0,0,0,0,0
3010,,Boeckosimus edwardsi,Boeckosimus edwardsi,Crustaceans,crusta,3,0,0,0,0,0
2139,,Brachiomonas submarina,Brachiomonas submarina,Algae,algae,3,0,0,0,0,0
1293,,Brachycentrus numerosus,Brachycentrus numerosus,Insects/Spiders,other,3,0,0,0,0,0
64804,,Branchinecta lindahli,Branchinecta lindahli,Crustaceans,crusta,3,0,0,0,0,0
11455,,Branchiostomidae,Branchiostomidae,Other Invertebrates,other,3,0,0,0,0,0
755,,Buenoa sp.,Buenoa sp.,Insects/Spiders,other,3,0,0,0,0,0
19560,,Bufo japonicus ssp. formosus,Bufo japonicus ssp. formosus,Amphibians,other,3,0,0,0,0,0
2247,,Bulinus tropicus,Bulinus tropicus,Molluscs,other,3,0,0,0,0,0
1454,,Caenis maxima,Caenis maxima,Insects/Spiders,other,3,0,0,0,0,0
1253,,Caenis robusta,Caenis robusta,Insects/Spiders,other,3,0,0,0,0,0
17217,,Calineuria californica,Calineuria californica,Insects/Spiders,other,3,0,0,0,0,0
4711,,Calopteryx splendens,Calopteryx splendens,Insects/Spiders,other,3,0,0,0,0,0
235,,Campeloma decisum,Campeloma decisum,Molluscs,other,3,0,0,0,0,0
20118,,Carassius gibelio,Carassius gibelio,Fish,fish,3,0,0,0,1,1
7426,,Cervidellus sp.,Cervidellus sp.,Worms,other,3,0,0,0,0,0
620,,Chimarra obscura,Chimarra obscura,Insects/Spiders,other,3,0,0,0,0,0
1251,,Chironomus gripekoveni,Chironomus gripekoveni,Insects/Spiders,other,3,0,0,0,0,0
10422,,Chironomus luridus,Chironomus luridus,Insects/Spiders,other,3,0,0,0,0,0
17085,,Chlorolobion braunii,Chlorolobion braunii,Algae,algae,3,0,0,0,0,0
1494,,Ciona intestinalis,Ciona intestinalis,Other Invertebrates,other,3,0,0,0,0,0
2814,,Cirratulus cirratus,Cirratulus cirratus,Worms,other,3,0,0,0,0,0
3016,,Cirriformia tentaculata,Cirriformia tentaculata,Worms,other,3,0,0,0,0,0
2396,,Clinotanypus pinguis,Clinotanypus pinguis,Insects/Spiders,other,3,0,0,0,0,0
4785,,Corixa sp.,Corixa sp.,Insects/Spiders,other,3,0,0,0,0,0
538,,Corixidae,Corixidae,Insects/Spiders,other,3,0,0,0,0,0
1276,,Corophium salmonis,Corophium salmonis,Crustaceans,crusta,3,0,0,0,0,0
46450,,Coscinodiscus centralis,Coscinodiscus centralis,Algae,algae,3,0,0,0,0,0
57917,,Cristatella mucedo,Cristatella mucedo,Other Invertebrates,other,3,0,0,0,0,0
2770,,Crocothemis erythraea,Crocothemis erythraea,Insects/Spiders,other,3,0,0,0,0,0
17073,,Culex annulirostris,Culex annulirostris,Insects/Spiders,other,3,0,0,0,0,0
10413,,Culiseta longiareolata,Culiseta longiareolata,Insects/Spiders,other,3,0,0,0,0,0
1844,,Cybister sp.,Cybister sp.,Insects/Spiders,other,3,0,0,0,0,0
1158,,Cyclops bicuspidatus,Cyclops bicuspidatus,Crustaceans,crusta,3,0,0,0,0,0
3020,21:1520:3020,Cyprinus carpio ssp. carpio,Cyprinus carpio ssp. carpio,Fish,fish,3,0,0,0,0,0
33338,,Delphinidae,Delphinidae,Mammals,other,3,0,0,0,0,0
1246,,Dero obtusa,Dero obtusa,Worms,other,3,0,0,0,0,0
2825,,Dero sp.,Dero sp.,Worms,other,3,0,0,0,0,0
11247,,Dexiostoma campyla,Dexiostoma campyla,Other Invertebrates,other,3,0,0,0,0,0
461,,Dineutus americanus,Dineutus americanus,Insects/Spiders,other,3,0,0,0,0,0
4790,,Egeria radiata,Egeria radiata,Molluscs,other,3,0,0,0,0,0
3022,,Einfeldia natchitocheae,Einfeldia natchitocheae,Insects/Spiders,other,3,0,0,0,0,0
2866,,Enallagma cyathigerum,Enallagma cyathigerum,Insects/Spiders,other,3,0,0,0,0,0
4620,,Eohaustorius washingtonianus,Eohaustorius washingtonianus,Crustaceans;Standard Test Species,crusta,3,0,0,0,0,0
17874,,Epinephelus coioides,Epinephelus coioides,Fish,fish,3,0,0,0,0,0
62156,,Epioblasma rangiana,Epioblasma rangiana,Molluscs;U.S. Threatened and Endangered Species,other,3,0,0,0,0,0
11715,,Eristalis arbustorum,Eristalis arbustorum,Insects/Spiders,other,3,0,0,0,0,0
1248,,Eristalis tenax,Eristalis tenax,Insects/Spiders,other,3,0,0,0,0,0
40845,,Etheostoma rufilineatum,Etheostoma rufilineatum,Fish,fish,3,0,0,0,0,0
454,,Eudorina elegans,Eudorina elegans,Algae,algae,3,0,0,0,0,0
17195,,Fasciola hepatica,Fasciola hepatica,Worms,other,3,0,0,0,0,0
39921,,Galdieria sulphuraria,Galdieria sulphuraria,Algae,algae,3,0,0,0,0,0
51756,,Gammarus elvirae,Gammarus elvirae,Crustaceans,crusta,3,0,0,0,0,0
1274,,Gnorimosphaeroma oregonensis,Gnorimosphaeroma oregonensis,Crustaceans,crusta,3,0,0,0,0,0
11764,,Gobiomorphus huttoni,Gobiomorphus huttoni,Fish,fish,3,0,0,0,1,0
4396,,Hexatoma sp.,Hexatoma sp.,Insects/Spiders,other,3,0,0,0,0,0
846,,Hydrophilus triangularis,Hydrophilus triangularis,Insects/Spiders,other,3,0,0,0,0,0
258,,Hydropsyche betteni,Hydropsyche betteni,Insects/Spiders,other,3,0,0,0,0,0
4607,,Hydropsyche exocellata,Hydropsyche exocellata,Insects/Spiders,other,3,0,0,0,0,0
19558,,Hyla japonica,Hyla japonica,Amphibians,other,3,0,0,0,0,0
5877,,Ischnochiton hakodadensis,Ischnochiton hakodadensis,Molluscs,other,3,0,0,0,0,0
1672,,Ischnura heterosticta,Ischnura heterosticta,Insects/Spiders,other,3,0,0,0,0,0
28033,,Isidorella newcombi,Isidorella newcombi,Molluscs,other,3,0,0,0,0,0
59354,,Konosirus punctatus,Konosirus punctatus,Fish,fish,3,0,0,0,0,0
51775,,Lecane papuana,Lecane papuana,Other Invertebrates,other,3,0,0,0,0,0
5971,,Lepidodermella squamatum,Lepidodermella squamatum,Other Invertebrates,other,3,0,0,0,0,0
5876,,Lepidozona albrechtii,Lepidozona albrechtii,Molluscs,other,3,0,0,0,0,0
1217,,Leptophlebiidae,Leptophlebiidae,Insects/Spiders,other,3,0,0,0,0,0
2227,,Leptosynapta inhaerens,Leptosynapta inhaerens,Other Invertebrates,other,3,0,0,0,0,0
18976,,Leptoxis dilatata,Leptoxis dilatata,Molluscs,other,3,0,0,0,0,0
1467,,Lithobates palustris,Lithobates palustris,Amphibians,other,3,0,0,0,0,0
11774,,Litoria adelaidensis,Litoria adelaidensis,Amphibians,other,3,0,0,0,0,0
625,,Lumbricidae,Lumbricidae,Worms,other,3,0,0,0,0,0
18435,,Lymnaea rubiginosa,Lymnaea rubiginosa,Molluscs,other,3,0,0,0,0,0
4817,,Mnemiopsis mccradyi,Mnemiopsis mccradyi,Other Invertebrates,other,3,0,0,0,0,0
639,,Mugilidae,Mugilidae,Fish,fish,3,0,0,0,0,0
10435,,Mylonchulus sp.,Mylonchulus sp.,Worms,other,3,0,0,0,0,0
52630,,Myriophyllum papillosum,Myriophyllum papillosum,"Flowers, Trees, Shrubs, Ferns",other,3,0,0,0,0,0
5872,,Mytilus coruscus,Mytilus coruscus,Molluscs,other,3,0,0,0,0,0
10992,,Namanereis sp.,Namanereis sp.,Worms,other,3,0,0,0,0,0
17142,,Nematostella vectensis,Nematostella vectensis,Other Invertebrates,other,3,0,0,0,0,0
27851,,Neogoniolithon fosliei,Neogoniolithon fosliei,Algae,algae,3,0,0,0,0,0
662,,Noemacheilus barbatulus,Noemacheilus barbatulus,Fish,fish,3,0,0,0,0,0
17061,,Ochlerotatus nigromaculis,Ochlerotatus nigromaculis,Insects/Spiders,other,3,0,0,0,0,0
32409,34:11611:11783:32408:32409,Oncorhynchus clarkii ssp. virginalis,Oncorhynchus clarkii ssp. virginalis,Fish,fish,3,0,0,0,0,0
797,,Optioservus fastiditus,Optioservus fastiditus,Insects/Spiders,other,3,0,0,0,0,0
1971,,Oscillatoria tenuis,Oscillatoria tenuis,Algae,algae,3,0,0,0,0,0
5639,,Paphia textile,Paphia textile,Molluscs,other,3,0,0,0,0,0
536,,Paragnetina sp.,Paragnetina sp.,Insects/Spiders,other,3,0,0,0,0,0
1188,,Paramecium aurelia,Paramecium aurelia,Other Invertebrates,other,3,0,0,0,0,0
2914,,Peloscolex ferox,Peloscolex ferox,Worms,other,3,0,0,0,0,0
1573,,Penaeidae,Penaeidae,Crustaceans,crusta,3,0,0,0,0,0
4428,,Penium margaritaceum,Penium margaritaceum,Algae,algae,3,0,0,0,0,0
762,,Phagocata gracilis,Phagocata gracilis,Worms,other,3,0,0,0,0,0
11821,,Phallusia mammillata,Phallusia mammillata,Other Invertebrates,other,3,0,0,0,0,0
2764,,Philarctus quaeris,Philarctus quaeris,Insects/Spiders,other,3,0,0,0,0,0
1064,,Phormidium foveolarum,Phormidium foveolarum,Algae,algae,3,0,0,0,0,0
1405,,Physa virgata,Physa virgata,Molluscs,other,3,0,0,0,0,0
6079,,Physella gyrina,Physella gyrina,Molluscs,other,3,0,0,0,0,0
1057,,Planorbarius sp.,Planorbarius sp.,Molluscs,other,3,0,0,0,0,0
30133,,Planothidium lanceolatum,Planothidium lanceolatum,Algae,algae,3,0,0,0,0,0
1247,,Plea atomaria,Plea atomaria,Insects/Spiders,other,3,0,0,0,0,0
4408,,Polyarthra sp.,Polyarthra sp.,Other Invertebrates,other,3,0,0,0,0,0
754,,Popenaias buckleyi,Popenaias buckleyi,Molluscs,other,3,0,0,0,0,0
910,,Potamogeton illinoensis,Potamogeton illinoensis,"Flowers, Trees, Shrubs, Ferns",other,3,0,0,0,0,0
52629,,Potamogeton sulcatus,Potamogeton sulcatus,"Flowers, Trees, Shrubs, Ferns",other,3,0,0,0,0,0
7595,,Prismatolaimus sp.,Prismatolaimus sp.,Worms,other,3,0,0,0,0,0
20404,,Prochlorococcus sp.,Prochlorococcus sp.,Algae,algae,3,0,0,0,0,0
10696,,Pseudagrion sp.,Pseudagrion sp.,Insects/Spiders,other,3,0,0,0,0,0
66312,,Pseudocohnilembus persalinus,Pseudocohnilembus persalinus,Other Invertebrates,other,3,0,0,0,0,0
2404,,Pseudoisochrysis paradoxa,Pseudoisochrysis paradoxa,Algae,algae,3,0,0,0,0,0
17219,,Psychoglypha sp.,Psychoglypha sp.,Insects/Spiders,other,3,0,0,0,0,0
5897,,Pycnocentria evecta,Pycnocentria evecta,Insects/Spiders,other,3,0,0,0,0,0
11022,,Radix ovata,Radix ovata,Molluscs,other,3,0,0,0,0,0
5187,,Ranatra sp.,Ranatra sp.,Insects/Spiders,other,3,0,0,0,0,0
2473,,Rhyacodrilus montanus,Rhyacodrilus montanus,Worms,other,3,0,0,0,0,0
216,,Rhyacophila dorsalis,Rhyacophila dorsalis,Insects/Spiders,other,3,0,0,0,0,0
7498,,Rotylenchus sp.,Rotylenchus sp.,Worms,other,3,0,0,0,0,0
2887,,Sagitta sp.,Sagitta sp.,Worms,other,3,0,0,0,0,0
52627,,Sagittaria platyphylla,Sagittaria platyphylla,"Flowers, Trees, Shrubs, Ferns",other,3,0,0,0,0,0
2385,49:2385:4757,Salmo trutta ssp. lacustris,Salmo trutta ssp. lacustris,Fish,fish,3,0,0,0,0,0
25401,,Scenedesmus intermedius,Scenedesmus intermedius,Algae,algae,3,0,0,0,0,0
857,,Sigara dorsalis,Sigara dorsalis,Insects/Spiders,other,3,0,0,0,0,0
1254,,Silo pallipes,Silo pallipes,Insects/Spiders,other,3,0,0,0,0,0
624,,Simulium pugetense,Simulium pugetense,Insects/Spiders,other,3,0,0,0,0,0
16973,,Staurodesmus convergens,Staurodesmus convergens,Algae,algae,3,0,0,0,0,0
6065,,Stenelmis sexlineata,Stenelmis sexlineata,Insects/Spiders,other,3,0,0,0,0,0
362,,Stenonema terminatum,Stenonema terminatum,Insects/Spiders,other,3,0,0,0,0,0
11347,,Surirella angusta,Surirella angusta,Algae,algae,3,0,0,0,0,0
10592,,Tapes decussata,Tapes decussata,Molluscs,other,3,0,0,0,0,0
16972,,Tetraselmis cordiformis,Tetraselmis cordiformis,Algae,algae,3,0,0,0,0,0
1112,,Thais clavigera,Thais clavigera,Molluscs,other,3,0,0,0,0,0
46656,,Thalassodendron ciliatum,Thalassodendron ciliatum,"Flowers, Trees, Shrubs, Ferns",other,3,0,0,0,0,0
1574,,Themiste sp.,Themiste sp.,Worms,other,3,0,0,0,0,0
10288,,Tolypothrix sp.,Tolypothrix sp.,Algae,algae,3,0,0,0,0,0
5758,,Tresus nuttalli,Tresus nuttalli,Molluscs,other,3,0,0,0,0,0
26806,,Unio elongatulus ssp. eucirrus,Unio elongatulus ssp. eucirrus,Molluscs,other,3,0,0,0,0,0
2089,,Urosalpinx cinerea,Urosalpinx cinerea,Molluscs,other,3,0,0,0,0,0
52628,,Vallisneria australis,Vallisneria australis,"Flowers, Trees, Shrubs, Ferns",other,3,0,0,0,0,0
1412,,Vallisneria sp.,Vallisneria sp.,"Flowers, Trees, Shrubs, Ferns",other,3,0,0,0,0,0
5413,,Varichaeta pacifica,Varichaeta pacifica,Worms,other,3,0,0,0,0,0
18389,,Verrallina funerea,Verrallina funerea,Insects/Spiders,other,3,0,0,0,0,0
2457,,Westiellopsis prolifica,Westiellopsis prolifica,Algae,algae,3,0,0,0,1,0
2112,,Westiellopsis sp.,Westiellopsis sp.,Algae,algae,3,0,0,0,0,0
30124,30124,Acanthocyclops venustus,Acanthocyclops venustus,Crustaceans,crusta,2,2,1,0,0,0
152,152,Acanthocyclops vernalis,Acanthocyclops vernalis,Crustaceans,crusta,2,2,1,0,0,0
2974,2974,Acanthocyclops viridis,Acanthocyclops viridis,Crustaceans,crusta,2,2,1,0,0,0
5243,5243,Ambassis gymnocephalus,Ambassis gymnocephalus,Fish,fish,2,2,1,0,1,0
1656,1656,Ammodytes hexapterus,Ammodytes hexapterus,Fish,fish,2,2,1,0,1,0
1949,1949,Anacystis flosaquae,Anacystis flosaquae,Algae,algae,2,2,1,0,0,0
19343,19343,Apareiodon affinis,Apareiodon affinis,Fish,fish,2,2,1,0,1,0
5246,5246,Aplocheilus panchax,Aplocheilus panchax,Fish,fish,2,2,1,0,1,0
18312,18312,Atyaephyra desmarestii,Atyaephyra desmarestii,Crustaceans,crusta,2,2,1,0,1,0
51977,51977,Branchinecta sandiegonensis,Branchinecta sandiegonensis,Crustaceans;U.S. Threatened and Endangered Species,crusta,2,2,1,0,0,0
20124,20124,Callinectes amnicola,Callinectes amnicola,Crustaceans,crusta,2,2,1,0,0,0
2871,2871,Callinectes similis,Callinectes similis,Crustaceans,crusta,2,2,1,0,1,0
15995,15995,Cancer gracilis,Cancer gracilis,Crustaceans,crusta,2,2,1,0,0,0
15994,15994,Cancer oregonensis,Cancer oregonensis,Crustaceans,crusta,2,2,1,0,1,0
1601,1601,Cancer productus,Cancer productus,Crustaceans,crusta,2,2,1,0,1,0
20137,20137,Caquetaia kraussii,Caquetaia kraussii,Fish,fish,2,2,1,0,1,0
2683,2683,Ceriodaphnia lacustris,Ceriodaphnia lacustris,Crustaceans,crusta,2,2,1,0,0,0
2490,2490,Charybdis feriatus,Charybdis feriatus,Crustaceans,crusta,2,2,1,0,0,0
27991,27991,Charybdis japonica,Charybdis japonica,Crustaceans,crusta,2,2,1,0,0,0
5849,5849,Chela cachius,Chela cachius,Fish,fish,2,2,1,0,1,0
31362,31362,Chirostoma jordani,Chirostoma jordani,Fish,fish,2,2,1,0,1,0
5917,5917,Chrissia halyi,Chrissia halyi,Crustaceans,crusta,2,2,1,0,0,0
5427,5427,Chrysichthys longidorsalis,Chrysichthys longidorsalis,Fish,fish,2,2,1,0,0,0
27994,27994,Clibanarius longitarsus,Clibanarius longitarsus,Crustaceans,crusta,2,2,1,0,0,0
25534,25534,Coregonus albula,Coregonus albula,Fish,fish,2,2,1,0,1,1
4559,4559,Cyclops varicans,Cyclops varicans,Crustaceans,crusta,2,2,1,0,0,0
5252,5252,Danio devario,Danio devario,Fish,fish,2,2,1,0,0,0
1259,1259,Daphnia parvula,Daphnia parvula,Crustaceans,crusta,2,2,1,0,0,0
50108,50108,Dendrocephalus brasiliensis,Dendrocephalus brasiliensis,Crustaceans,crusta,2,2,1,0,0,0
18761,18761,Diacyclops bicuspidatus,Diacyclops bicuspidatus,Crustaceans,crusta,2,2,1,0,0,0
4695,4695,Diaptomus gracilis,Diaptomus gracilis,Crustaceans,crusta,2,2,1,0,0,0
2157,2157,Dunaliella minuta,Dunaliella minuta,Algae,algae,2,2,1,0,0,0
4844,4844,Engraulis japonicus,Engraulis japonicus,Fish,fish,2,2,1,0,1,1
4809,4809,Euchaeta marina,Euchaeta marina,Crustaceans,crusta,2,2,1,0,1,0
5629,5629,Eunotia sudetica ssp. incisa,Eunotia sudetica ssp. incisa,Algae,algae,2,2,1,0,0,0
441,441,Euphausia pacifica,Euphausia pacifica,Crustaceans,crusta,2,2,1,0,1,0
16395,16395,Farfantepenaeus paulensis,Farfantepenaeus paulensis,Crustaceans,crusta,2,2,1,0,0,0
20379,20379,Fibrocapsa japonica,Fibrocapsa japonica,Algae,algae,2,2,1,0,0,0
46590,46590,Gammarus orinos,Gammarus orinos,Crustaceans,crusta,2,2,1,0,0,0
32274,32274,Goodea atripinnis,Goodea atripinnis,Fish,fish,2,2,1,0,1,0
5836,5836,Heloecius cordiformis,Heloecius cordiformis,Crustaceans,crusta,2,2,1,0,0,0
18756,18756,Heterobranchus longifilis,Heterobranchus longifilis,Fish,fish,2,2,1,1,1,1
4812,4812,Heteromysis formosa,Heteromysis formosa,Crustaceans,crusta,2,2,1,0,0,0
10967,10967,Heteropanope sp.,Heteropanope sp.,Crustaceans,crusta,2,2,1,0,0,0
28845,28845,Hyphessobrycon erythrostigma,Hyphessobrycon erythrostigma,Fish,fish,2,2,1,0,1,0
10708,10708,Hyphessobrycon herbertaxelrodi,Hyphessobrycon herbertaxelrodi,Fish,fish,2,2,1,0,1,0
7467,7467,Hypostomus plecostomus,Hypostomus plecostomus,Fish,fish,2,2,1,0,1,0
967,967,Ictiobus cyprinellus,Ictiobus cyprinellus,Fish,fish,2,2,1,1,1,1
4813,4813,Labidocera scotti,Labidocera scotti,Crustaceans,crusta,2,2,1,0,0,0
2138,2138,Lirceus fontinalis,Lirceus fontinalis,Crustaceans,crusta,2,2,1,0,1,0
28850,28850,Macrobrachium ferreirai,Macrobrachium ferreirai,Crustaceans,crusta,2,2,1,0,0,0
5356,5356,Macrothrix sp.,Macrothrix sp.,Crustaceans,crusta,2,2,1,0,0,0
2130,2130,Marinogammarus obtusatus,Marinogammarus obtusatus,Crustaceans,crusta,2,2,1,0,0,0
33372,33372,Megarasbora elanga,Megarasbora elanga,Fish,fish,2,2,1,0,0,0
19407,19407,Metynnis orinocensis,Metynnis orinocensis,Fish,fish,2,2,1,0,0,0
11001,11001,Monoraphidium sp.,Monoraphidium sp.,Algae,algae,2,2,1,0,0,0
1295,1295,Mysidopsis almyra,Mysidopsis almyra,Crustaceans;Standard Test Species,crusta,2,2,1,0,0,0
2937,2937,Mystus tengara,Mystus tengara,Fish,fish,2,2,1,0,1,0
28846,28846,Nannostomus unifasciatus,Nannostomus unifasciatus,Fish,fish,2,2,1,0,0,0
2016,2016,Navicula salinarum,Navicula salinarum,Algae,algae,2,2,1,0,0,0
2416,2416,Nibea albiflora,Nibea albiflora,Fish,fish,2,2,1,0,1,0
2023,2023,Nitzschia sigma,Nitzschia sigma,Algae,algae,2,2,1,1,1,0
2393,2393,Noemacheilus denisonii,Noemacheilus denisonii,Fish,fish,2,2,1,0,0,0
1132,1132,Notropis anogenus,Notropis anogenus,Fish,fish,2,2,1,0,1,0
10501,10501,Notropis blennius,Notropis blennius,Fish,fish,2,2,1,1,1,1
11255,11255,Notropis ludibundis,Notropis ludibundis,Fish,fish,2,2,1,0,0,0
817,817,Odontamblyopus rubicundus,Odontamblyopus rubicundus,Fish,fish,2,2,1,0,1,0
2134,2134,Oplegnathus fasciatus,Oplegnathus fasciatus,Fish,fish,2,2,1,0,1,0
28849,28849,Otocinclus affinis,Otocinclus affinis,Fish,fish,2,2,1,0,1,0
2343,2343,Palaemon japonicus,Palaemon japonicus,Crustaceans,crusta,2,2,1,0,0,0
1143,1143,Pandalus platyceros,Pandalus platyceros,Crustaceans,crusta,2,2,1,0,0,0
39196,39196,Parachromis dovii,Parachromis dovii,Fish,fish,2,2,1,0,1,0
18762,18762,Paracyclops fimbriatus,Paracyclops fimbriatus,Crustaceans,crusta,2,2,1,0,0,0
11250,11250,Pelsartia humeralis,Pelsartia humeralis,Fish,fish,2,2,1,0,1,0
1895,1895,Pleuronectes ferrugineus,Limanda ferruginea,Fish,fish,2,2,1,0,0,0
5328,5328,Plotosus anguillaris,Plotosus anguillaris,Fish,fish,2,2,1,0,0,0
2489,2489,Portunus sanguinolentus,Portunus sanguinolentus,Crustaceans,crusta,2,2,1,0,0,0
34627,34627,Proasellus lusitanicus,Proasellus lusitanicus,Crustaceans,crusta,2,2,1,0,0,0
2113,2113,Pseudanabaena sp.,Pseudanabaena sp.,Algae,algae,2,2,1,0,0,0
52971,52971,Pseudodiaptomus inopinus,Pseudodiaptomus inopinus,Crustaceans,crusta,2,2,1,0,0,0
2197,2197,Pungitius pungitius,Pungitius pungitius,Fish,fish,2,2,1,1,1,1
7494,7494,Puntius tetrazona,Puntius tetrazona,Fish,fish,2,2,1,0,0,0
2601,2601,Richardsonius balteatus,Richardsonius balteatus,Fish,fish,2,2,1,0,1,0
1857,1857,Sarotherodon galilaeus,Sarotherodon galilaeus,Fish,fish,2,2,1,0,1,0
7502,7502,Sinelobus stanfordi,Sinelobus stanfordi,Crustaceans,crusta,2,2,1,0,0,0
761,761,Tautogolabrus adspersus,Tautogolabrus adspersus,Fish,fish,2,2,1,1,1,1
5988,5988,Tetraselmis gracilis,Tetraselmis gracilis,Algae,algae,2,2,1,0,0,0
2834,2834,Tilapia galilaea,Tilapia galilaea,Fish,fish,2,2,1,0,0,0
16769,16769,Acanthocyclops robustus,Acanthocyclops robustus,Crustaceans,crusta,2,1,1,0,0,1
33567,33567,Artemia urmiana,Artemia urmiana,Crustaceans,crusta,2,1,1,0,1,0
11090,11090,Aulacoseira ambigua,Aulacoseira ambigua,Algae,algae,2,1,1,1,1,0
2039,2039,Barbus sp.,Barbus sp.,Fish,fish,2,1,1,0,0,0
19236,19236,Cambarus diogenes,Cambarus diogenes,Crustaceans,crusta,2,1,1,0,0,0
896,896,Cambarus sp.,Cambarus sp.,Crustaceans;Standard Test Species,crusta,2,1,1,0,0,0
4552,4552,Ceriodaphnia acanthina,Ceriodaphnia acanthina,Crustaceans,crusta,2,1,1,0,0,0
1811,1811,Chara globularis,Chara globularis,Algae,algae,2,1,1,0,0,0
2850,2850,Chelura terebrans,Chelura terebrans,Crustaceans,crusta,2,1,1,0,0,0
5339,5339,Chlamydomonas bullosa,Chlamydomonas bullosa,Algae,algae,2,1,1,0,0,0
16797,16797,Chlamydomonas intermedia,Chlamydomonas intermedia,Algae,algae,2,1,1,0,0,0
16188,16188,Chydorus sp.,Chydorus sp.,Crustaceans,crusta,2,1,1,0,0,0
34562,34562,Corophium orientale,Corophium orientale,Crustaceans,crusta,2,1,1,0,0,0
11602,11602,Cryptomonas tetrapyrenoidosa,Cryptomonas tetrapyrenoidosa,Algae,algae,2,1,1,0,0,0
451,451,Danio sp.,Danio sp.,Fish,fish,2,1,1,0,0,0
2909,2909,Diaphanosoma excisum,Diaphanosoma excisum,Crustaceans,crusta,2,1,1,0,0,0
11290,11290,Epinephelus adscensionis,Epinephelus adscensionis,Fish,fish,2,1,1,0,1,0
4391,4391,Eudorina sp.,Eudorina sp.,Algae,algae,2,1,1,0,0,0
2800,2800,Galaxias auratus,Galaxias auratus,Fish,fish,2,1,1,0,1,0
2827,2827,Jaeropsis sp.,Jaeropsis sp.,Crustaceans,crusta,2,1,1,0,0,0
11205,11205,Leptolyngbya sp.,Leptolyngbya sp.,Algae,algae,2,1,1,0,0,0
2819,2819,Limnoria tripunctata,Limnoria tripunctata,Crustaceans,crusta,2,1,1,0,0,0
11034,11034,Macquaria novemaculeata,Macquaria novemaculeata,Fish,fish,2,1,1,0,0,0
2226,2226,Macrognathus aculeatus,Macrognathus aculeatus,Fish,fish,2,1,1,0,1,0
3036,3036,Metapenaeus macleayi,Metapenaeus macleayi,Crustaceans,crusta,2,1,1,0,0,0
4426,4426,Micractinium pusillum,Micractinium pusillum,Algae,algae,2,1,1,0,0,0
4631,4631,Monacanthus hispidus,Stephanolepis hispidus,Fish,fish,2,1,1,0,0,0
40371,40371,Nostoc entophytum,Nostoc entophytum,Algae,algae,2,1,1,1,1,0
1695,1695,Notropis stramineus,Notropis stramineus,Fish,fish,2,1,1,0,1,1
34398,34398,Oryzias sinensis,Oryzias sinensis,Fish,fish,2,1,1,0,1,0
2282,2282,Pediastrum tetras,Pediastrum tetras,Algae,algae,2,1,1,0,0,0
5924,5924,Penaeus plebejus,Penaeus plebejus,Crustaceans,crusta,2,1,1,0,0,0
11189,11189,Phormidium formosum,Phormidium formosum,Algae,algae,2,1,1,0,0,0
39288,39288,Pseudodiaptomus forbesi,Pseudodiaptomus forbesi,Crustaceans,crusta,2,1,1,0,0,0
1696,1696,Rhinichthys cataractae,Rhinichthys cataractae,Fish,fish,2,1,1,0,1,1
4823,4823,Sillago japonica,Sillago japonica,Fish,fish,2,1,1,0,1,0
16795,16795,Staurastrum sebaldi,Staurastrum sebaldi,Algae,algae,2,1,1,0,0,0
1885,1885,Staurastrum sp.,Staurastrum sp.,Algae,algae,2,1,1,0,0,0
1881,1881,Ulothrix fimbriata,Ulothrix fimbriata,Algae,algae,2,1,1,0,0,0
6048,,Acanthocyclops sp.,Acanthocyclops sp.,Crustaceans,crusta,2,0,0,0,0,0
2694,,Acantholeberis curvirostris,Acantholeberis curvirostris,Crustaceans,crusta,2,0,0,0,0,0
16539,,Acanthopleura haddoni,Acanthopleura haddoni,Molluscs,other,2,0,0,0,0,0
1068,,Acartia bifilosa,Acartia bifilosa,Crustaceans,crusta,2,0,0,0,0,0
160,,Acilius sulcatus,Acilius sulcatus,Insects/Spiders,other,2,0,0,0,0,0
888,,Acipenser gueldenstaedtii,Acipenser gueldenstaedtii,Fish,fish,2,0,0,0,0,0
2363,,Acris crepitans,Acris crepitans,Amphibians,other,2,0,0,0,0,0
11924,,Acropora formosa,Acropora formosa,Other Invertebrates,other,2,0,0,0,0,0
175,,Aedes cyprius,Aedes cyprius,Insects/Spiders,other,2,0,0,0,0,0
5425,,Aedes epactius,Aedes epactius,Insects/Spiders,other,2,0,0,0,0,0
5839,,Aedes hendersoni,Aedes hendersoni,Insects/Spiders,other,2,0,0,0,0,0
5731,,Aedes trivittatus,Aedes trivittatus,Insects/Spiders,other,2,0,0,0,0,0
166,,Aeshna cyanea,Aeshna cyanea,Insects/Spiders,other,2,0,0,0,0,0
11759,,Aiptasia pulchella,Aiptasia pulchella,Other Invertebrates,other,2,0,0,0,0,0
43158,,Alitta succinea,Alitta succinea,Worms,other,2,0,0,0,0,0
1175,,Allocapnia sp.,Allocapnia sp.,Insects/Spiders,other,2,0,0,0,0,0
55731,,Allocapnia vivipara,Allocapnia vivipara,Insects/Spiders,other,2,0,0,0,0,0
2719,,Alona quadrangularis,Alona quadrangularis,Crustaceans,crusta,2,0,0,0,0,0
7392,,Ambystoma macrodactylum,Ambystoma macrodactylum,Amphibians,other,2,0,0,0,0,0
893,,Ambystoma tigrinum,Ambystoma tigrinum,Amphibians,other,2,0,0,0,0,0
6024,,Ameletus sp.,Ameletus sp.,Insects/Spiders,other,2,0,0,0,0,0
55732,,Amphinemura delosa,Amphinemura delosa,Insects/Spiders,other,2,0,0,0,0,0
4738,,Amphiprion ocellaris,Amphiprion ocellaris,Fish,fish,2,0,0,0,0,0
56589,,Ancyronyx sp.,Ancyronyx sp.,Insects/Spiders,other,2,0,0,0,0,0
5667,,Anisops bouvieri,Anisops bouvieri,Insects/Spiders,other,2,0,0,0,0,0
179,,Anopheles maculipennis,Anopheles maculipennis,Insects/Spiders,other,2,0,0,0,0,0
2847,,Anopheles pharoensis,Anopheles pharoensis,Insects/Spiders,other,2,0,0,0,0,0
18411,,Anopheles sundaicus,Anopheles sundaicus,Insects/Spiders,other,2,0,0,0,0,0
2634,,Anostraca,Anostraca,Crustaceans,crusta,2,0,0,0,0,0
2202,,Arbacia lixula,Arbacia lixula,Other Invertebrates,other,2,0,0,0,0,0
373,,Argyroneta aquatica,Argyroneta aquatica,Insects/Spiders,other,2,0,0,0,0,0
323,,Arrenurus globator,Arrenurus globator,Insects/Spiders,other,2,0,0,0,0,0
19978,,Artemia tibetiana,Artemia tibetiana,Crustaceans,crusta,2,0,0,0,0,0
5609,,Ascidia sp.,Ascidia sp.,Other Invertebrates,other,2,0,0,0,0,0
2110,,Atherina hepsetus,Atherina hepsetus,Fish,fish,2,0,0,0,0,0
17481,437:17481,Aulacoseira granulata,Aulacoseira granulata,Algae,algae,2,0,0,0,1,0
1568,,Aulosira fertilissima,Aulosira fertilissima,Algae,algae,2,0,0,0,1,0
1987,,Aulosira sp.,Aulosira sp.,Algae,algae,2,0,0,0,0,0
16554,,Austocochlea porcata,Austocochlea porcata,Molluscs,other,2,0,0,0,0,0
17168,,Austrolestes colensonis,Austrolestes colensonis,Insects/Spiders,other,2,0,0,0,0,0
611,,Baetisca obesa,Baetisca obesa,Insects/Spiders,other,2,0,0,0,0,0
1845,,Belostoma indicum,Belostoma indicum,Insects/Spiders,other,2,0,0,0,0,0
844,,Belostoma sp.,Belostoma sp.,Insects/Spiders,other,2,0,0,0,0,0
19239,,Bombina orientalis,Bombina orientalis,Amphibians,other,2,0,0,0,0,0
4417,,Botryllus schlosseri,Botryllus schlosseri,Other Invertebrates,other,2,0,0,0,0,0
2042,,Brachidontes variabilis,Brachidontes variabilis,Molluscs,other,2,0,0,0,0,0
18569,,Brachionus havanaensis,Brachionus havanaensis,Other Invertebrates,other,2,0,0,0,0,0
2906,,Branchiostoma caribaeum,Branchiostoma caribaeum,Other Invertebrates,other,2,0,0,0,0,0
988,,Buccinum undatum,Buccinum undatum,Molluscs,other,2,0,0,0,0,0
28851,,Buenoa unguis,Buenoa unguis,Insects/Spiders,other,2,0,0,0,0,0
5336,,Bufo americanus ssp. americanus,Bufo americanus ssp. americanus,Amphibians,other,2,0,0,0,0,0
16745,,Caenis miliaria,Caenis miliaria,Insects/Spiders,other,2,0,0,0,0,0
66313,,Cafeteria roenbergensis,Cafeteria roenbergensis,Algae,algae,2,0,0,0,0,0
16543,,Calcinus latens,Calcinus latens,Crustaceans,crusta,2,0,0,0,0,0
9945,,Caligus elongatus,Caligus elongatus,Crustaceans,crusta,2,0,0,0,0,0
66067,,Camptocercus lilljeborgi,Camptocercus lilljeborgi,Crustaceans,crusta,2,0,0,0,0,0
4834,,Capnia sp.,Capnia sp.,Insects/Spiders,other,2,0,0,0,0,0
20276,,Cellana radiata ssp. capensis,Cellana radiata ssp. capensis,Molluscs,other,2,0,0,0,0,0
4376,,Ceratophyllum submersum,Ceratophyllum submersum,"Flowers, Trees, Shrubs, Ferns",other,2,0,0,0,0,0
1123,,Ceratopogonidae,Ceratopogonidae,Insects/Spiders,other,2,0,0,0,0,0
2973,,Chaetopteryx villosa,Chaetopteryx villosa,Insects/Spiders,other,2,0,0,0,0,0
1089,,Chara sp.,Chara sp.,Algae,algae,2,0,0,0,0,0
1985,,Cheumatopsyche oxa,Cheumatopsyche oxa,Insects/Spiders,other,2,0,0,0,0,0
5855,,Chironomus samoensis,Chironomus samoensis,Insects/Spiders,other,2,0,0,0,0,0
4379,,Chlorogonium sp.,Chlorogonium sp.,Algae,algae,2,0,0,0,0,0
680,,Chloroperlidae,Chloroperlidae,Insects/Spiders,other,2,0,0,0,0,0
30224,,Chordodes nobilii,Chordodes nobilii,Worms,other,2,0,0,0,0,0
1948,,Chrysophyta,Chrysophyta,Algae,algae,2,0,0,0,0,0
7660,,Ciliophora,Ciliophora,Other Invertebrates,other,2,0,0,0,0,0
23620,,Cinygmula sp.,Cinygmula sp.,Insects/Spiders,other,2,0,0,0,0,0
18577,,Clavariopsis aquatica,Clavariopsis aquatica,Fungi,other,2,0,0,0,0,0
4383,,Closterium moniliferum,Closterium moniliferum,Algae,algae,2,0,0,0,0,0
1846,,Closterium sp.,Closterium sp.,Algae,algae,2,0,0,0,0,0
164,,Coenagrion pulchellum,Coenagrion pulchellum,Insects/Spiders,other,2,0,0,0,0,0
11942,,Coloburiscus humeralis,Coloburiscus humeralis,Insects/Spiders,other,2,0,0,0,0,0
242,,Copepoda,Copepoda,Crustaceans,crusta,2,0,0,0,0,0
32983,,Coquillettidia richardii,Coquillettidia richardii,Insects/Spiders,other,2,0,0,0,0,0
16744,,Cordulia aenea,Cordulia aenea,Insects/Spiders,other,2,0,0,0,0,0
18588,,Corophium colo,Corophium colo,Crustaceans,crusta,2,0,0,0,0,0
7441,,Corophium spinicorne,Corophium spinicorne,Crustaceans,crusta,2,0,0,0,0,0
702,,Corydalus cornutus,Corydalus cornutus,Insects/Spiders,other,2,0,0,0,0,0
544,,Corydalus sp.,Corydalus sp.,Insects/Spiders,other,2,0,0,0,0,0
11356,,Cosmarium subprotumidum,Cosmarium subprotumidum,Algae,algae,2,0,0,0,0,0
272,,Cottus cognatus,Cottus cognatus,Fish,fish,2,0,0,0,0,0
4786,,Crangonyx sp.,Crangonyx sp.,Crustaceans,crusta,2,0,0,0,0,0
15661,,Craticula cuspidata,Craticula cuspidata,Algae,algae,2,0,0,0,0,0
928,,Cricotopus trifasciatus,Cricotopus trifasciatus,Insects/Spiders,other,2,0,0,0,0,0
1500,,Crithidia fasciculata,Crithidia fasciculata,Other Invertebrates,other,2,0,0,0,0,0
176,,Cryophila lapponica,Cryophila lapponica,Insects/Spiders,other,2,0,0,0,0,0
1913,,Cryptomonas erosa,Cryptomonas erosa,Algae,algae,2,0,0,0,0,0
1850,,Cryptophycophyta,Cryptophycophyta,Algae,algae,2,0,0,0,0,0
33953,,Culex vagans,Culex vagans,Insects/Spiders,other,2,0,0,0,0,0
16414,,Cyrnus trimaculatus,Cyrnus trimaculatus,Insects/Spiders,other,2,0,0,0,0,0
53890,,Dactylogyrus minutus,Dactylogyrus minutus,Worms,other,2,0,0,0,0,0
53882,,Dawestrema cycloancistrium,Dawestrema cycloancistrium,Worms,other,2,0,0,0,0,0
1909,,Dendraster excentricus,Dendraster excentricus,Other Invertebrates;Standard Test Species,other,2,0,0,0,0,0
4709,,Dictyostelium discoideum,Dictyostelium discoideum,Other Invertebrates,other,2,0,0,0,0,0
1424,,Dinocras cephalotes,Dinocras cephalotes,Insects/Spiders,other,2,0,0,0,0,0
2944,,Dinophyceae,Dinophyceae,Algae,algae,2,0,0,0,0,0
694,,Diplolaimella sp.,Diplolaimella sp.,Worms,other,2,0,0,0,0,0
1118,,Diptera,Diptera,Insects/Spiders,other,2,0,0,0,0,0
39089,,Discoglossus jeanneae,Discoglossus jeanneae,Amphibians,other,2,0,0,0,0,0
28843,,Discoglossus pictus,Discoglossus pictus,Amphibians,other,2,0,0,0,0,0
4430,,Dolophilodes distinctus,Dolophilodes distinctus,Insects/Spiders,other,2,0,0,0,0,0
31675,,Dreissena bugensis,Dreissena bugensis,Molluscs;U.S. Invasive Species,other,2,0,0,0,0,0
16357,,Dugesia schubarti,Dugesia schubarti,Worms,other,2,0,0,0,0,0
1222,,Dytiscidae,Dytiscidae,Insects/Spiders,other,2,0,0,0,0,0
10544,,Echinocardium cordatum,Echinocardium cordatum,Other Invertebrates,other,2,0,0,0,0,0
11761,,Ectocarpus variabilis,Ectocarpus variabilis,Algae,algae,2,0,0,0,0,0
658,,Eichhornia crassipes,Eichhornia crassipes,"Flowers, Trees, Shrubs, Ferns;U.S. Invasive Species",other,2,0,0,0,0,0
5216,,Elliptio buckleyi,Elliptio buckleyi,Molluscs,other,2,0,0,0,0,0
415,,Elliptio dilatata,Elliptio dilatata,Molluscs,other,2,0,0,0,0,0
10769,,Enhalus acoroides,Enhalus acoroides,"Flowers, Trees, Shrubs, Ferns",other,2,0,0,0,0,0
2381,,Epeorus sp.,Epeorus sp.,Insects/Spiders,other,2,0,0,0,0,0
42168,,Ephemerella excrucians,Ephemerella excrucians,Insects/Spiders,other,2,0,0,0,0,0
796,,Ephemerella invaria,Ephemerella invaria,Insects/Spiders,other,2,0,0,0,0,0
24861,,Erythromma viridulum,Erythromma viridulum,Insects/Spiders,other,2,0,0,0,0,0
2702,,Eurycercus lamellatus,Eurycercus lamellatus,Crustaceans,crusta,2,0,0,0,0,0
168,,Eusimulium sp.,Eusimulium sp.,Insects/Spiders,other,2,0,0,0,0,0
20033,,Eutreptiella sp.,Eutreptiella sp.,Algae,algae,2,0,0,0,0,0
11005,,Excirolana sp.,Excirolana sp.,Crustaceans,crusta,2,0,0,0,0,0
217,,Eylais hamata,Eylais hamata,Insects/Spiders,other,2,0,0,0,0,0
61770,,Faxonius rusticus,Faxonius rusticus,Crustaceans,crusta,2,0,0,0,0,0
22447,,Fluminicola sp.,Fluminicola sp.,Molluscs,other,2,0,0,0,0,0
25978,,Fontigens aldrichi,Fontigens aldrichi,Molluscs,other,2,0,0,0,0,0
64599,,Fontinalis neomexicana,Fontinalis neomexicana,"Moss, Hornworts",other,2,0,0,0,0,0
5195,,Gammarus setosus,Gammarus setosus,Crustaceans,crusta,2,0,0,0,1,0
15633,,Gephyrocapsa oceanica,Gephyrocapsa oceanica,Algae,algae,2,0,0,0,0,0
803,,Gomphus vastus,Gomphus vastus,Insects/Spiders,other,2,0,0,0,0,0
17715,,Gyraulus parvus,Gyraulus parvus,Molluscs,other,2,0,0,0,0,0
192,,Gyrinus marinus,Gyrinus marinus,Insects/Spiders,other,2,0,0,0,0,0
2262,,Gyrinus natator,Gyrinus natator,Insects/Spiders,other,2,0,0,0,0,0
190,,Haliplus flavicollis,Haliplus flavicollis,Insects/Spiders,other,2,0,0,0,0,0
2925,,Halobatrachus didactylus,Halobatrachus didactylus,Fish,fish,2,0,0,0,0,0
20267,,Helcion concolor,Helcion concolor,Molluscs,other,2,0,0,0,0,0
948,,Helobdella stagnalis,Helobdella stagnalis,Worms,other,2,0,0,0,0,0
4394,,Heptagenia flavescens,Heptagenia flavescens,Insects/Spiders,other,2,0,0,0,0,0
20397,,Heterocapsa niei,Heterocapsa niei,Algae,algae,2,0,0,0,0,0
4568,,Heteromastus filiformis,Heteromastus filiformis,Worms,other,2,0,0,0,0,0
16541,,Heteroxenia fuscescens,Heteroxenia fuscescens,Other Invertebrates,other,2,0,0,0,0,0
2673,,Holopedium sp.,Holopedium sp.,Crustaceans,crusta,2,0,0,0,0,0
198,,Hydrachna marita,Hydrachna marita,Insects/Spiders,other,2,0,0,0,0,0
191,,Hydrobius fuscipes,Hydrobius fuscipes,Insects/Spiders,other,2,0,0,0,0,0
340,,Hydrodroma despiciens,Hydrodroma despiciens,Insects/Spiders,other,2,0,0,0,0,0
10733,,Hydroperla crosbyi,Hydroperla crosbyi,Insects/Spiders,other,2,0,0,0,0,0
4663,,Hydropsyche bulbifera,Hydropsyche bulbifera,Insects/Spiders,other,2,0,0,0,0,0
4678,,Hydropsyche lobata,Hydropsyche lobata,Insects/Spiders,other,2,0,0,0,0,0
1171,,Hydropsyche sparna,Hydropsyche sparna,Insects/Spiders,other,2,0,0,0,0,0
929,,Hydroptila angusta,Hydroptila angusta,Insects/Spiders,other,2,0,0,0,0,0
320,,Hydryphantes ruber,Hydryphantes ruber,Insects/Spiders,other,2,0,0,0,0,0
197,,Hygrobates longipalpis,Hygrobates longipalpis,Insects/Spiders,other,2,0,0,0,0,0
845,,Hygrotus sp.,Hygrotus sp.,Insects/Spiders,other,2,0,0,0,0,0
6058,,Hyla squirella,Hyla squirella,Amphibians,other,2,0,0,0,0,0
18579,,Hymenoscyphus tetracladius,Hymenoscyphus tetracladius,Fungi,other,2,0,0,0,0,0
31603,,Hypsiboas crepitans,Hypsiboas crepitans,Amphibians,other,2,0,0,0,0,0
189,,Ilyocoris cimicoides,Ilyocoris cimicoides,Insects/Spiders,other,2,0,0,0,0,0
2913,,Ilyodrilus frantzi,Ilyodrilus frantzi,Worms,other,2,0,0,0,0,0
5493,,Ischadium recurvum,Ischadium recurvum,Molluscs,other,2,0,0,0,0,0
4423,,Isogenoides sp.,Isogenoides sp.,Insects/Spiders,other,2,0,0,0,0,0
2954,,Isoperla grammatica,Isoperla grammatica,Insects/Spiders,other,2,0,0,0,0,0
1752,,Keratella sp.,Keratella sp.,Other Invertebrates,other,2,0,0,0,0,0
1992,,Laccophilus fasciatus,Laccophilus fasciatus,Insects/Spiders,other,2,0,0,0,0,0
848,,Laccophilus maculosus ssp. maculosus,Laccophilus maculosus ssp. maculosus,Insects/Spiders,other,2,0,0,0,0,0
403,,Lampsilis radiata,Lampsilis radiata,Molluscs,other,2,0,0,0,0,0
19828,,Landoltia punctata,Landoltia punctata,"Flowers, Trees, Shrubs, Ferns;U.S. Invasive Species",other,2,0,0,0,0,0
40843,,Lasmigona costata,Lasmigona costata,Molluscs,other,2,0,0,0,0,0
10798,,Lepidactylus dytiscus,Lepidactylus dytiscus,Crustaceans;Standard Test Species,crusta,2,0,0,0,0,0
17218,,Lepidostoma unicolor,Lepidostoma unicolor,Insects/Spiders,other,2,0,0,0,0,0
968,,Lepisosteus platostomus,Lepisosteus platostomus,Fish,fish,2,0,0,0,0,0
1910,,Leptoceridae,Leptoceridae,Insects/Spiders,other,2,0,0,0,0,0
165,,Lestes dryas,Lestes dryas,Insects/Spiders,other,2,0,0,0,0,0
16747,,Lestes sponsa,Lestes sponsa,Insects/Spiders,other,2,0,0,0,0,0
2865,,Lethocerus sp.,Lethocerus sp.,Insects/Spiders,other,2,0,0,0,0,0
2772,,Leuctra moselyi,Leuctra moselyi,Insects/Spiders,other,2,0,0,0,0,0
17907,,Libinia dubia,Libinia dubia,Crustaceans,crusta,2,0,0,0,0,0
1646,,Limnephilidae,Limnephilidae,Insects/Spiders,other,2,0,0,0,0,0
5231,,Limnephilus bipunctatus,Limnephilus bipunctatus,Insects/Spiders,other,2,0,0,0,0,0
350,,Limnephilus flavicornis,Limnephilus flavicornis,Insects/Spiders,other,2,0,0,0,0,0
16721,,Limnephilus indivisus,Limnephilus indivisus,Insects/Spiders,other,2,0,0,0,0,0
155,,Limnephilus stigma,Limnephilus stigma,Insects/Spiders,other,2,0,0,0,0,0
194,,Limnesia maculata,Limnesia maculata,Insects/Spiders,other,2,0,0,0,0,0
200,,Limnesia undulata,Limnesia undulata,Insects/Spiders,other,2,0,0,0,0,0
2872,,Limnodrilus sp.,Limnodrilus sp.,Worms,other,2,0,0,0,0,0
19117,,Limnophila sessiliflora,Limnophila sessiliflora,"Flowers, Trees, Shrubs, Ferns;U.S. Invasive Species",other,2,0,0,0,0,0
4646,,Lithobates berlandieri,Lithobates berlandieri,Amphibians,other,2,0,0,0,0,0
533,,Lumbriculus inconstans,Lumbriculus inconstans,Worms,other,2,0,0,0,0,0
16191,,Macrocyclops sp.,Macrocyclops sp.,Crustaceans,crusta,2,0,0,0,0,0
24859,,Macropelopia sp.,Macropelopia sp.,Insects/Spiders,other,2,0,0,0,0,0
10392,,Meloidogyne javanica,Meloidogyne javanica,Worms,other,2,0,0,0,0,0
1788,,Meretrix casta,Meretrix casta,Molluscs,other,2,0,0,0,0,0
20394,,Micromonas pusilla,Micromonas pusilla,Algae,algae,2,0,0,0,0,0
11064,,Micronecta sp.,Micronecta sp.,Insects/Spiders,other,2,0,0,0,0,0
322,,Mideopsis orbicularis,Mideopsis orbicularis,Insects/Spiders,other,2,0,0,0,0,0
40411,,Misgurnus mizolepis,Misgurnus mizolepis,Fish,fish,2,0,0,0,0,0
177,,Mochlonyx culiciformis,Mochlonyx culiciformis,Insects/Spiders,other,2,0,0,0,0,0
1381,,Moina rectirostris,Moina rectirostris,Crustaceans,crusta,2,0,0,0,0,0
5179,,Molgula sp.,Molgula sp.,Other Invertebrates,other,2,0,0,0,0,0
53983,,Monodonta labio,Monodonta labio,Molluscs,other,2,0,0,0,0,0
18773,,Monopterus cuchia,Monopterus cuchia,Fish,fish,2,0,0,0,0,0
11037,,Montastraea faveolata,Montastraea faveolata,Other Invertebrates,other,2,0,0,0,0,0
16789,,Montipora digitata,Montipora digitata,Other Invertebrates,other,2,0,0,0,0,0
273,,Myoxocephalus quadricornis,Myoxocephalus quadricornis,Fish,fish,2,0,0,0,0,0
2912,,Nais communis,Nais communis,Worms,other,2,0,0,0,0,0
927,,Nais variabilis,Nais variabilis,Worms,other,2,0,0,0,0,0
1328,,Najas guadalupensis,Najas guadalupensis,"Flowers, Trees, Shrubs, Ferns",other,2,0,0,0,0,0
1835,,Nandus nandus,Nandus nandus,Fish,fish,2,0,0,0,0,0
10445,,Nannochloropsis sp.,Nannochloropsis sp.,Algae,algae,2,0,0,0,0,0
2015,,Navicula cryptocephala,Navicula cryptocephala,Algae,algae,2,0,0,0,0,0
2082,,Neanthes vaali,Neanthes vaali,Worms,other,2,0,0,0,0,0
40997,,Nectria curta,Nectria curta,Fungi,other,2,0,0,0,0,0
51523,,Nematoda,Nematoda,Worms,other,2,0,0,0,0,0
159,,Nemoura marginata,Nemoura marginata,Insects/Spiders,other,2,0,0,0,0,0
766,,Neogobius melanostomus,Neogobius melanostomus,Fish;U.S. Invasive Species,fish,2,0,0,0,1,1
779,,Neophylax concinnus,Neophylax concinnus,Insects/Spiders,other,2,0,0,0,0,0
16538,,Nerita forskali,Nerita forskali,Molluscs,other,2,0,0,0,0,0
802,,Neurocordulia molesta,Neurocordulia molesta,Insects/Spiders,other,2,0,0,0,0,0
4698,,Neurospora crassa,Neurospora crassa,Fungi,other,2,0,0,0,0,0
20110,,Obovaria subrotunda,Obovaria subrotunda,Molluscs;U.S. Threatened and Endangered Species,other,2,0,0,0,0,0
7364,,Ocyurus chrysurus,Ocyurus chrysurus,Fish,fish,2,0,0,0,0,0
2123,,Onchidoris fusca,Onchidoris fusca,Molluscs,other,2,0,0,0,0,0
32408,34:11611:11783:32408:32409,Oncorhynchus clarkii ssp. pleuriticus,Oncorhynchus clarkii ssp. pleuriticus,Fish,fish,2,0,0,0,0,0
4406,,Ophiogomphus carolus,Ophiogomphus carolus,Insects/Spiders,other,2,0,0,0,0,0
43475,,Oscillatoria perornata,Oscillatoria perornata,Algae,algae,2,0,0,0,0,0
43174,,Ostreococcus tauri,Ostreococcus tauri,Algae,algae,2,0,0,0,0,0
4635,,Pachydiplax longipennis,Pachydiplax longipennis,Insects/Spiders,other,2,0,0,0,0,0
2428,,Palaemon pacificus,Palaemon pacificus,Crustaceans,crusta,2,0,0,0,0,0
28852,,Palustra laboulbeni,Palustra laboulbeni,Insects/Spiders,other,2,0,0,0,0,0
4636,,Pandalus borealis,Pandalus borealis,Crustaceans,crusta,2,0,0,0,0,0
1359,,Pantala flavescens,Pantala flavescens,Insects/Spiders,other,2,0,0,0,0,0
4798,,Paphia laterisulca,Paphia laterisulca,Molluscs,other,2,0,0,0,0,0
1458,,Paracalliope fluviatilis,Paracalliope fluviatilis,Crustaceans,crusta,2,0,0,0,0,0
787,,Paracapnia angulata,Paracapnia angulata,Insects/Spiders,other,2,0,0,0,0,0
16192,,Paracyclops sp.,Paracyclops sp.,Crustaceans,crusta,2,0,0,0,0,0
4693,,Paramecium primaurelia,Paramecium primaurelia,Other Invertebrates,other,2,0,0,0,0,0
16544,,Parupeneus barberinus,Parupeneus barberinus,Fish,fish,2,0,0,0,0,0
2081,,Patiriella exigua,Patiriella exigua,Other Invertebrates,other,2,0,0,0,0,0
19882,,Pelobates cultripes,Pelobates cultripes,Amphibians,other,2,0,0,0,0,0
32297,,Pelodytes ibericus,Pelodytes ibericus,Amphibians,other,2,0,0,0,0,0
184,,Pentaneura monilis,Pentaneura monilis,Insects/Spiders,other,2,0,0,0,0,0
693,,Pentaneura sp.,Pentaneura sp.,Insects/Spiders,other,2,0,0,0,0,0
32228,,Perkinsus olseni,Perkinsus olseni,Other Invertebrates,other,2,0,0,0,0,0
30619,,Phaeocystis cordata,Phaeocystis cordata,Algae,algae,2,0,0,0,0,0
1547,,Philodina sp.,Philodina sp.,Other Invertebrates,other,2,0,0,0,0,0
20212,,Phoma sp.,Phoma sp.,Fungi,other,2,0,0,0,0,0
4587,,Phormidium uncinatum,Phormidium uncinatum,Algae,algae,2,0,0,0,0,0
154,,Phryganea striata,Phryganea striata,Insects/Spiders,other,2,0,0,0,0,0
57995,,Physalaemus olfersii,Physalaemus olfersii,Amphibians,other,2,0,0,0,0,0
5886,,Physastra gibbosa,Physastra gibbosa,Molluscs,other,2,0,0,0,0,0
1933,,Physella elliptica,Physella elliptica,Molluscs,other,2,0,0,0,0,0
58931,,Physella pomilia,Physella pomilia,Molluscs,other,2,0,0,0,0,0
11978,,Physella sp.,Physella sp.,Molluscs,other,2,0,0,0,0,0
1496,,Piona carnea,Piona carnea,Insects/Spiders,other,2,0,0,0,0,0
319,,Piona coccinea,Piona coccinea,Insects/Spiders,other,2,0,0,0,0,0
315,,Piona nodata,Piona nodata,Insects/Spiders,other,2,0,0,0,0,0
2122,,Pistia stratiotes,Pistia stratiotes,"Flowers, Trees, Shrubs, Ferns;U.S. Invasive Species",other,2,0,0,0,0,0
1554,,Pithophora oedogonia,Pithophora oedogonia,Algae,algae,2,0,0,0,0,0
11789,,Planorbis carinatus,Planorbis carinatus,Molluscs,other,2,0,0,0,0,0
569,,Planorbis planorbis,Planorbis planorbis,Molluscs,other,2,0,0,0,0,0
10964,,Planorbis sp.,Planorbis sp.,Molluscs,other,2,0,0,0,0,0
163,,Platycnemis pennipes,Platycnemis pennipes,Insects/Spiders,other,2,0,0,0,0,0
18294,,Pleuroxus truncatus,Pleuroxus truncatus,Crustaceans,crusta,2,0,0,0,0,0
449,,Plumatella casmiana,Plumatella casmiana,Other Invertebrates,other,2,0,0,0,0,0
2796,,Poeciliopsis lucida,Poeciliopsis lucida,Fish,fish,2,0,0,0,0,0
11926,,Polycelis sp.,Polycelis sp.,Worms,other,2,0,0,0,0,0
28853,,Pomacea dolioides,Pomacea dolioides,Molluscs,other,2,0,0,0,0,0
19227,,Pomacea lineata,Pomacea lineata,Molluscs,other,2,0,0,0,0,0
5277,,Pontederia cordata,Pontederia cordata,"Flowers, Trees, Shrubs, Ferns",other,2,0,0,0,0,0
4683,,Porites astreoides,Porites astreoides,Other Invertebrates,other,2,0,0,0,0,0
16397,,Porites cylindrica,Porites cylindrica,Other Invertebrates,other,2,0,0,0,0,0
11596,,Posthodiplostomum minimum,Posthodiplostomum minimum,Worms,other,2,0,0,0,0,0
15623,,Pristina leidyi,Pristina leidyi,Worms,other,2,0,0,0,0,0
31236,,Proasellus slavus ssp. vindobonensis,Proasellus slavus ssp. vindobonensis,Crustaceans,crusta,2,0,0,0,0,0
52818,,Prochilodus magdalenae,Prochilodus magdalenae,Fish,fish,2,0,0,0,0,0
1237,,Prosimulium magnum,Prosimulium magnum,Insects/Spiders,other,2,0,0,0,0,0
2771,,Protonemura meyeri,Protonemura meyeri,Insects/Spiders,other,2,0,0,0,0,0
23415,,Pseudokirchneriella sp.,Pseudokirchneriella sp.,Algae,algae,2,0,0,0,0,0
786,,Pteronarcys pictetii,Pteronarcys pictetii,Insects/Spiders,other,2,0,0,0,0,0
677,,Pteronarcys sp.,Pteronarcys sp.,Insects/Spiders;Standard Test Species,other,2,0,0,0,0,0
1033,,Rana sp.,Rana sp.,Amphibians,other,2,0,0,0,0,0
4431,,Rasbora sp.,Rasbora sp.,Fish,fish,2,0,0,0,0,0
19559,,Rhacophorus arboreus,Rhacophorus arboreus,Amphibians,other,2,0,0,0,0,0
31604,,Rhinella granulosa,Rhinella granulosa,Amphibians,other,2,0,0,0,0,0
57993,,Rhinella ornata,Rhinella ornata,Amphibians,other,2,0,0,0,0,0
4800,,Rhithrogena semicolorata,Rhithrogena semicolorata,Insects/Spiders,other,2,0,0,0,0,0
2840,,Rivularia sp.,Rivularia sp.,Algae,algae,2,0,0,0,0,0
65096,,Sarcodia suiae,Sarcodia suiae,Algae,algae,2,0,0,0,0,0
1605,,Scapholeberis mucronata,Scapholeberis mucronata,Crustaceans,crusta,2,0,0,0,0,0
1480,,Scenedesmus bijugatus,Scenedesmus bijugatus,Algae,algae,2,0,0,0,0,0
3046,,Scenedesmus incrassatulus,Scenedesmus incrassatulus,Algae,algae,2,0,0,0,0,0
31607,,Scinax ruber,Scinax ruber,Amphibians,other,2,0,0,0,0,0
19116,,Scirpus juncoides var. ohwianus,Scirpus juncoides var. ohwianus,"Flowers, Trees, Shrubs, Ferns",other,2,0,0,0,0,0
3047,,Semibalanus balanoides,Semibalanus balanoides,Crustaceans,crusta,2,0,0,0,1,0
16809,,Seriatopora hystrix,Seriatopora hystrix,Other Invertebrates,other,2,0,0,0,0,0
27812,,Sigara arguta,Sigara arguta,Insects/Spiders,other,2,0,0,0,0,0
4882,,Simulium argus,Simulium argus,Insects/Spiders,other,2,0,0,0,0,0
5658,,Simulium ornata,Simulium ornata,Insects/Spiders,other,2,0,0,0,0,0
228,,Simulium ornatum,Simulium ornatum,Insects/Spiders,other,2,0,0,0,0,0
158,,Siphlonurus linnaeanus,Siphlonurus linnaeanus,Insects/Spiders,other,2,0,0,0,0,0
20268,,Siphonaria capensis,Siphonaria capensis,Molluscs,other,2,0,0,0,0,0
20270,,Siphonaria serrata,Siphonaria serrata,Molluscs,other,2,0,0,0,0,0
1390,,Spartina alterniflora,Spartina alterniflora,"Flowers, Trees, Shrubs, Ferns;U.S. Invasive Species",other,2,0,0,0,0,0
52097,,Spermatozopsis exsultans,Spermatozopsis exsultans,Algae,algae,2,0,0,0,0,0
245,,Sphaerium corneum,Sphaerium corneum,Molluscs,other,2,0,0,0,0,0
1839,,Sphaerodema annulatum,Sphaerodema annulatum,Insects/Spiders,other,2,0,0,0,0,0
3053,,Spirodela punctata,Spirodela punctata,"Flowers, Trees, Shrubs, Ferns",other,2,0,0,0,0,0
2251,,Stauronereis rudolphi,Stauronereis rudolphi,Worms,other,2,0,0,0,0,0
1265,,Stenacron interpunctatum,Stenacron interpunctatum,Insects/Spiders,other,2,0,0,0,0,0
798,,Stenelmis crenata,Stenelmis crenata,Insects/Spiders,other,2,0,0,0,0,0
603,,Stenonema frontale,Stenonema frontale,Insects/Spiders,other,2,0,0,0,0,0
604,,Stenonema luteum,Stenonema luteum,Insects/Spiders,other,2,0,0,0,0,0
2786,,Stenonema vicarium,Stenonema vicarium,Insects/Spiders,other,2,0,0,0,0,0
11303,,Stephanodiscus invisitatus,Stephanodiscus invisitatus,Algae,algae,2,0,0,0,0,0
10994,,Stichopus sp.,Stichopus sp.,Other Invertebrates,other,2,0,0,0,0,0
995,,Strongylocentrotus droebachiensis,Strongylocentrotus droebachiensis,Other Invertebrates;Standard Test Species,other,2,0,0,0,0,0
1615,,Strongylocentrotus intermedius,Strongylocentrotus intermedius,Other Invertebrates,other,2,0,0,0,0,0
5921,,Stylonychia lemnae,Stylonychia lemnae,Other Invertebrates,other,2,0,0,0,0,0
1011,,Stylonychia mytilus,Stylonychia mytilus,Other Invertebrates,other,2,0,0,0,0,0
120,,Talitridae,Talitridae,Crustaceans,crusta,2,0,0,0,0,0
25976,,Taylorconcha serpenticola,Taylorconcha serpenticola,Molluscs;U.S. Threatened and Endangered Species,other,2,0,0,0,0,0
47825,,Tetraselmis marina,Tetraselmis marina,Algae,algae,2,0,0,0,0,0
2036,,Thalassiosira sp.,Thalassiosira sp.,Algae,algae,2,0,0,0,0,0
847,,Thermonectus basillaris,Thermonectus basillaris,Insects/Spiders,other,2,0,0,0,0,0
608,,Tisbe bulbisetosa,Tisbe bulbisetosa,Crustaceans,crusta,2,0,0,0,0,0
5968,,Tricorythus sp.,Tricorythus sp.,Insects/Spiders,other,2,0,0,0,0,0
186,,Triogma sp.,Triogma sp.,Insects/Spiders,other,2,0,0,0,0,0
32367,,Trithemis aurora,Trithemis aurora,Insects/Spiders,other,2,0,0,0,0,0
20112,,Villosa fabalis,Villosa fabalis,Molluscs;U.S. Threatened and Endangered Species,other,2,0,0,0,0,0
1417,,Vorticella campanula,Vorticella campanula,Other Invertebrates,other,2,0,0,0,0,0
5822,,Wilhelmia equina,Wilhelmia equina,Insects/Spiders,other,2,0,0,0,0,0
5711,,Wolffia globosa,Wolffia globosa,"Flowers, Trees, Shrubs, Ferns",other,2,0,0,0,0,0
1269,1269,Caridina sp.,Caridina sp.,Crustaceans,crusta,1,4,1,0,0,0
6039,6039,Acanthomysis sculpta,Acanthomysis sculpta,Crustaceans,crusta,1,1,1,0,0,0
15998,15998,Acanthopagrus butcheri,Acanthopagrus butcheri,Fish,fish,1,1,1,0,1,0
52970,52970,Acartia pacifica,Acartia pacifica,Crustaceans,crusta,1,1,1,0,0,0
20147,20147,Acetes sp.,Acetes sp.,Crustaceans,crusta,1,1,1,0,0,0
195,195,Acrocheilus alutaceus,Acrocheilus alutaceus,Fish,fish,1,1,1,0,1,1
20429,20429,Alpheus malabaricus,Alpheus malabaricus,Crustaceans,crusta,1,1,1,0,0,0
32591,32591,Anabaena azotica,Anabaena azotica,Algae,algae,1,1,1,0,1,0
1660,1660,Anonyx sp.,Anonyx sp.,Crustaceans,crusta,1,1,1,0,0,0
2074,2074,Aplocheilichthys johnstonii,Aplocheilichthys johnstonii,Fish,fish,1,1,1,0,0,0
11274,11274,Apocryptes bato,Apocryptes bato,Fish,fish,1,1,1,0,0,0
390,390,Argulus sp.,Argulus sp.,Crustaceans,crusta,1,1,1,0,0,0
5247,5247,Astyanax bimaculatus,Astyanax bimaculatus,Fish,fish,1,1,1,0,1,0
32074,32074,Atractosteus tropicus,Atractosteus tropicus,Fish,fish,1,1,1,0,1,0
1450,1450,Barbus anoplus,Barbus anoplus,Fish,fish,1,1,1,0,0,0
1257,1257,Barbus filamentosus,Barbus filamentosus,Fish,fish,1,1,1,0,0,0
2259,2259,Barbus gurneyi,Barbus gurneyi,Fish,fish,1,1,1,0,0,0
1322,1322,Barbus natalensis,Barbus natalensis,Fish,fish,1,1,1,0,0,0
5624,5624,Bellerochea malleus,Bellerochea malleus,Algae,algae,1,1,1,1,1,0
1633,1633,Betta splendens,Betta splendens,Fish,fish,1,1,1,0,1,0
18822,18822,Boeckella triarticulata,Boeckella triarticulata,Crustaceans,crusta,1,1,1,0,0,0
5147,5147,Bosmina fatalis,Bosmina fatalis,Crustaceans,crusta,1,1,1,0,0,0
439,439,Calanus plumchrus,Calanus plumchrus,Crustaceans,crusta,1,1,1,0,0,0
2900,2900,Cancer anthonyi,Cancer anthonyi,Crustaceans,crusta,1,1,1,0,0,0
29697,29697,Capoeta capoeta ssp. capoeta,Capoeta capoeta ssp. capoeta,Fish,fish,1,1,1,0,0,0
393,393,Caridina denticulata,Caridina denticulata,Crustaceans,crusta,1,1,1,0,0,0
2844,2844,Centropristis striata,Centropristis striata,Fish,fish,1,1,1,0,1,0
1897,1897,Chaetoceros decipiens,Chaetoceros decipiens,Algae,algae,1,1,1,0,0,0
1898,1898,Chaetoceros didymus,Chaetoceros didymus,Algae,algae,1,1,1,0,1,0
48207,48207,Chapalichthys pardalis,Chapalichthys pardalis,Fish,fish,1,1,1,0,1,0
18262,18262,Cherax tenuimanus,Cherax tenuimanus,Crustaceans,crusta,1,1,1,0,0,0
370,370,Chlamydomonas globosa,Chlamydomonas globosa,Algae,algae,1,1,1,0,0,0
2097,2097,Chlamydomonas segnis,Chlamydomonas segnis,Algae,algae,1,1,1,0,0,0
4747,4747,Clarias macrocephalus,Clarias macrocephalus,Fish,fish,1,1,1,0,1,0
5869,5869,Clibanarius olivaceus,Clibanarius olivaceus,Crustaceans,crusta,1,1,1,0,0,0
20392,20392,Closterium lunula,Closterium lunula,Algae,algae,1,1,1,0,0,0
53880,53880,Corydoras melanistius,Corydoras melanistius,Fish,fish,1,1,1,0,1,0
17569,17569,Corydoras paleatus,Corydoras paleatus,Fish,fish,1,1,1,0,1,0
1662,1662,Crangon nigricauda,Crangon nigricauda,Crustaceans;Standard Test Species,crusta,1,1,1,0,0,0
4558,4558,Cryptomonas ozolini,Cryptomonas ozolini,Algae,algae,1,1,1,0,0,0
1677,1677,Cyclaspis usitata,Cyclaspis usitata,Crustaceans,crusta,1,1,1,0,0,0
902,902,Cypria ophthalmica,Cypria ophthalmica,Crustaceans,crusta,1,1,1,0,0,0
11607,11607,Cyprinion watsoni,Cyprinion watsoni,Fish,fish,1,1,1,0,0,0
6053,6053,Cyprinotus carolinensis,Cyprinotus carolinensis,Crustaceans,crusta,1,1,1,0,0,0
1901,1901,Detonula confervacea,Detonula confervacea,Algae,algae,1,1,1,0,0,0
6054,6054,Diacyclops sp.,Diacyclops sp.,Crustaceans,crusta,1,1,1,0,0,0
38496,38496,Diplodus cervinus,Diplodus cervinus,Fish,fish,1,1,1,0,1,1
1932,1932,Etroplus suratensis,Etroplus suratensis,Fish,fish,1,1,1,0,1,0
6036,6036,Eucalanus elongatus,Eucalanus elongatus,Crustaceans,crusta,1,1,1,0,0,0
31237,31237,Fabaeformiscandona wegelini,Fabaeformiscandona wegelini,Crustaceans,crusta,1,1,1,0,0,0
2876,2876,Fundulus parvipinnis,Fundulus parvipinnis,Fish,fish,1,1,1,0,1,1
57484,57484,Gammarus insensibilis,Gammarus insensibilis,Crustaceans,crusta,1,1,1,0,0,0
1060,1060,Gammarus komareki,Gammarus komareki,Crustaceans,crusta,1,1,1,0,1,0
712,712,Gammarus locusta,Gammarus locusta,Crustaceans,crusta,1,1,1,0,1,0
1347,1347,Gammarus tigrinus,Gammarus tigrinus,Crustaceans,crusta,1,1,1,0,1,0
2391,2391,Garra mullya,Garra mullya,Fish,fish,1,1,1,0,1,0
1652,1652,Gillichthys mirabilis,Gillichthys mirabilis,Fish,fish,1,1,1,0,1,0
2274,2274,Hepsetus odoe,Hepsetus odoe,Fish,fish,1,1,1,0,1,0
668,668,Herotilapia multispinosa,Archocentrus multispinosus,Fish,fish,1,1,1,0,0,0
19672,19672,Heterocypris sp.,Heterocypris sp.,Crustaceans,crusta,1,1,1,0,0,0
2137,2137,Hymenomonas elongata,Hymenomonas elongata,Algae,algae,1,1,1,0,0,0
4399,4399,Hyphessobrycon bifasciatus,Hyphessobrycon bifasciatus,Fish,fish,1,1,1,0,0,0
3033,3033,Hypomesus olidus,Hypomesus olidus,Fish,fish,1,1,1,0,1,0
20384,20384,Kirchneriella aperta,Kirchneriella aperta,Algae,algae,1,1,1,0,0,0
41756,41756,Labeo niloticus,Labeo niloticus,Fish,fish,1,1,1,0,0,0
3034,3034,Leptomysis lingvura,Leptomysis lingvura,Crustaceans,crusta,1,1,1,0,0,1
17331,17331,Limanda punctatissima,Limanda punctatissima,Fish,fish,1,1,1,0,0,0
2209,2209,Limnoria lignorum,Limnoria lignorum,Crustaceans,crusta,1,1,1,0,0,0
174,174,Lynceus brachyurus,Lynceus brachyurus,Crustaceans,crusta,1,1,1,0,0,0
1014,1014,Lysmata seticaudata,Lysmata seticaudata,Crustaceans,crusta,1,1,1,0,0,0
20618,20618,Marsupenaeus japonicus,Marsupenaeus japonicus,Crustaceans,crusta,1,1,1,0,0,0
46988,46988,Melita longidactyla,Melita longidactyla,Crustaceans,crusta,1,1,1,0,0,0
837,837,Menippe mercenaria,Menippe mercenaria,Crustaceans,crusta,1,1,1,0,1,0
42856,42856,Mesopotamichthys sharpeyi,Mesopotamichthys sharpeyi,Fish,fish,1,1,1,0,1,0
440,440,Metridia pacifica,Metridia pacifica,Crustaceans,crusta,1,1,1,0,0,0
19349,19349,Microcystis pulverea ssp. incerta,Microcystis pulverea ssp. incerta,Algae,algae,1,1,1,0,0,0
839,839,Micropterus sp.,Micropterus sp.,Fish,fish,1,1,1,0,0,0
4702,4702,Mictyris longicarpus,Mictyris longicarpus,Crustaceans,crusta,1,1,1,0,0,0
2911,2911,Moina brachiata,Moina brachiata,Crustaceans,crusta,1,1,1,0,0,0
6017,6017,Monochrysis sp.,Monochrysis sp.,Algae,algae,1,1,1,0,0,0
2228,2228,Mugil auratus,Mugil auratus,Fish,fish,1,1,1,0,0,0
4895,4895,Mugil carinatus,Mugil carinatus,Fish,fish,1,1,1,0,0,0
5691,5691,Mystus gulio,Mystus gulio,Fish,fish,1,1,1,0,0,0
2759,2759,Mystus keletius,Mystus keletius,Fish,fish,1,1,1,0,0,0
19175,19175,Nemacheilus angorae,Nemacheilus angorae,Fish,fish,1,1,1,0,0,0
5180,5180,Nematalosa erebi,Nematalosa erebi,Fish,fish,1,1,1,0,1,0
23562,23562,Neocaridina sp.,Neocaridina sp.,Crustaceans,crusta,1,1,1,0,0,0
1661,1661,Neomysis sp.,Neomysis sp.,Crustaceans,crusta,1,1,1,0,0,0
20435,20435,Nephrocytium lunatum,Nephrocytium lunatum,Algae,algae,1,1,1,0,0,0
18819,18819,Newnhamia sp.,Newnhamia sp.,Crustaceans,crusta,1,1,1,0,0,0
16812,16812,Nitzschia accomodata,Nitzschia accomodata,Algae,algae,1,1,1,0,0,0
18670,18670,Nitzschia kuetzingiana,Nitzschia kuetzingiana,Algae,algae,1,1,1,0,0,0
20440,20440,Nitzschia paleacea,Nitzschia paleacea,Algae,algae,1,1,1,0,0,0
1711,1711,Notropis buccatus,Notropis buccatus,Fish,fish,1,1,1,0,0,1
4614,4614,Ochromonas danica,Ochromonas danica,Algae,algae,1,1,1,1,1,0
589,589,Oncorhynchus aguabonita,Oncorhynchus aguabonita,Fish,fish,1,1,1,0,0,0
1133,1133,Opsopoeodus emiliae,Opsopoeodus emiliae,Fish,fish,1,1,1,1,1,1
5225,5225,Orconectes neglectus,Orconectes neglectus,Crustaceans,crusta,1,1,1,0,0,1
4903,4903,Oreochromis mossambicus X niloticus,Oreochromis mossambicus X niloticus,Fish,fish,1,1,1,0,0,0
5374,5374,Oreochromis mossambicus X urolepis,Oreochromis mossambicus X urolepis,Fish,fish,1,1,1,0,0,0
2768,2768,Palaemon paucidens,Palaemon paucidens,Crustaceans,crusta,1,1,1,0,0,0
5804,5804,Parapristipoma trilineatum,Parapristipoma trilineatum,Fish,fish,1,1,1,0,1,0
5868,5868,Paratelphusa spinigera,Paratelphusa spinigera,Crustaceans,crusta,1,1,1,0,0,0
53302,53302,Parvocalanus crassirostris,Parvocalanus crassirostris,Crustaceans,crusta,1,1,1,0,0,0
5217,5217,Pavlova gyrans,Pavlova gyrans,Algae,algae,1,1,1,0,0,0
11683,11683,Periophthalmus dipus,Periophthalmus dipus,Fish,fish,1,1,1,0,0,0
28937,28937,Phyllodiaptomus annae,Phyllodiaptomus annae,Crustaceans,crusta,1,1,1,0,0,0
32227,32227,Piaractus brachypomus,Piaractus brachypomus,Fish;U.S. Invasive Species,fish,1,1,1,1,1,1
1860,1860,Pithophora sp.,Pithophora sp.,Algae,algae,1,1,1,0,0,0
4827,4827,Pomacentrus leucostictus,Pomacentrus leucostictus,Fish,fish,1,1,1,0,0,0
1663,1663,Pontogeneia sp.,Pontogeneia sp.,Crustaceans,crusta,1,1,1,0,0,0
2823,2823,Pontoporeia sp.,Pontoporeia sp.,Crustaceans,crusta,1,1,1,0,0,0
34626,34626,Proasellus assaforensis,Proasellus assaforensis,Crustaceans,crusta,1,1,1,0,1,0
46,46,Procambarus blandingii,Procambarus blandingii,Crustaceans,crusta,1,1,1,0,0,0
16785,16785,Procambarus zonangulus,Procambarus zonangulus,Crustaceans,crusta,1,1,1,0,0,0
31238,31238,Pseudocandona sp.,Pseudocandona sp.,Crustaceans,crusta,1,1,1,0,0,0
2050,2050,Pseudocrenilabrus philander,Pseudocrenilabrus philander,Fish,fish,1,1,1,0,1,0
2821,2821,Puntius sarana,Puntius sarana,Fish,fish,1,1,1,0,0,0
1896,1896,Rhodomonas baltica,Rhodomonas baltica,Algae,algae,1,1,1,0,0,0
475,475,Salvelinus sp.,Salvelinus sp.,Fish,fish,1,1,1,0,0,0
2412,2412,Scorpaena guttata,Scorpaena guttata,Fish,fish,1,1,1,0,1,0
169,169,Sida crystallina,Sida crystallina,Crustaceans,crusta,1,1,1,0,1,0
56301,56301,Skiffia multipunctata,Skiffia multipunctata,Fish,fish,1,1,1,0,1,0
1026,1026,Squalus acanthias,Squalus acanthias,Fish,fish,1,1,1,0,1,1
4652,4652,Streptocephalus dichotomus,Streptocephalus dichotomus,Crustaceans,crusta,1,1,1,0,0,0
519,519,Streptocephalus seali,Streptocephalus seali,Crustaceans,crusta,1,1,1,0,0,0
1035,1035,Synaptura kleini,Synaptura kleini,Fish,fish,1,1,1,0,0,0
19368,19368,Synechococcus nidulans,Synechococcus nidulans,Algae,algae,1,1,1,0,1,0
2059,2059,Synodontis sp.,Synodontis sp.,Fish,fish,1,1,1,0,0,0
1899,1899,Thalassiosira nordenskioeldii,Thalassiosira nordenskioeldii,Algae,algae,1,1,1,0,1,0
28792,28792,Thalassoma pavo,Thalassoma pavo,Fish,fish,1,1,1,0,1,0
18751,18751,Tiburonella viscana,Tiburonella viscana,Crustaceans,crusta,1,1,1,0,0,0
138,138,Tilapia rendalli,Tilapia rendalli,Fish,fish,1,1,1,0,0,0
4763,4763,Trachurus japonicus,Trachurus japonicus,Fish,fish,1,1,1,0,1,0
48373,48373,Tumeodiaptomus diabolicus,Tumeodiaptomus diabolicus,Crustaceans,crusta,1,1,1,0,0,0
17274,17274,Uca marionis,Uca marionis,Crustaceans,crusta,1,1,1,0,0,0
1627,1627,Uca rapax,Uca rapax,Crustaceans,crusta,1,1,1,0,0,0
2841,2841,Ulothrix subconstricta,Ulothrix subconstricta,Algae,algae,1,1,1,0,0,0
573,573,Undinula vulgaris,Undinula vulgaris,Crustaceans,crusta,1,1,1,0,0,0
606,606,Valamugil engeli,Moolgarda engeli,Fish,fish,1,1,1,0,0,0
5480,,Ablabesmyia sp.,Ablabesmyia sp.,Insects/Spiders,other,1,0,0,0,0,0
4805,,Acipenser ruthenus,Acipenser ruthenus,Fish,fish,1,0,0,0,1,1
11857,,Acipenseriformes,Acipenseriformes,Fish,fish,1,0,0,0,0,0
34307,,Acorus americanus,Acorus americanus,"Flowers, Trees, Shrubs, Ferns",other,1,0,0,0,0,0
26011,,Acropora cervicornis,Acropora cervicornis,Other Invertebrates;U.S. Threatened and Endangered Species,other,1,0,0,0,0,0
21500,,Acropora sp.,Acropora sp.,Other Invertebrates,other,1,0,0,0,0,0
20201,,Acropora surculosa,Acropora surculosa,Other Invertebrates,other,1,0,0,0,0,0
16376,,Acropora tenuis,Acropora tenuis,Other Invertebrates,other,1,0,0,0,0,0
2364,,Aedes cantator,Aedes cantator,Insects/Spiders,other,1,0,0,0,0,0
4610,,Aedes euedes,Aedes euedes,Insects/Spiders,other,1,0,0,0,0,0
17076,,Aedes funereus,Aedes funereus,Insects/Spiders,other,1,0,0,0,0,0
17075,,Aedes notoscriptus,Aedes notoscriptus,Insects/Spiders,other,1,0,0,0,0,0
17074,,Aedes vigilax,Aedes vigilax,Insects/Spiders,other,1,0,0,0,0,0
16719,,Aeshna verticalis,Aeshna verticalis,Insects/Spiders,other,1,0,0,0,0,0
800,,Agabus seriatus,Agabus seriatus,Insects/Spiders,other,1,0,0,0,0,0
678,,Agnetina sp.,Agnetina sp.,Insects/Spiders,other,1,0,0,0,0,0
2256,,Aiptasia pallida,Aiptasia pallida,Other Invertebrates,other,1,0,0,0,0,0
34471,,Alaria sp.,Alaria sp.,Worms,other,1,0,0,0,0,0
17070,,Alasmidonta raveneliana,Alasmidonta raveneliana,Molluscs;U.S. Threatened and Endangered Species,other,1,0,0,0,0,0
3000,,Allium cepa,Allium cepa,"Flowers, Trees, Shrubs, Ferns;Standard Test Species",other,1,0,0,0,0,0
2859,,Ambassis ambassis,Ambassis ambassis,Fish,fish,1,0,0,0,0,0
27762,,Ambystoma laterale,Ambystoma laterale,Amphibians,other,1,0,0,0,0,0
11017,,Amphilocus sp.,Amphilocus sp.,Crustaceans,crusta,1,0,0,0,0,0
4657,,Anadara rhombea,Anadara rhombea,Molluscs,other,1,0,0,0,0,0
17252,,Anax junius,Anax junius,Insects/Spiders,other,1,0,0,0,0,0
1130,,Anisoptera,Anisoptera,Insects/Spiders,other,1,0,0,0,0,0
4778,,Anisus vortex,Anisus vortex,Molluscs,other,1,0,0,0,0,0
4606,,Annelida,Annelida,Worms,other,1,0,0,0,0,0
576,,Anodonta cataracta,Anodonta cataracta,Molluscs,other,1,0,0,0,0,0
232,,Anodonta piscinalis,Anodonta piscinalis,Molluscs,other,1,0,0,0,0,0
2214,,Anomia ephippium,Anomia ephippium,Molluscs,other,1,0,0,0,0,0
16528,,Anonyx laticoxae,Anonyx laticoxae,Crustaceans,crusta,1,0,0,0,0,0
16950,,Anopheles balabacensis,Anopheles balabacensis,Insects/Spiders,other,1,0,0,0,0,0
18437,,Anopheles dirus,Anopheles dirus,Insects/Spiders,other,1,0,0,0,0,0
17739,,Anopheles maculatus,Anopheles maculatus,Insects/Spiders,other,1,0,0,0,0,0
29487,,Anopheles vagus,Anopheles vagus,Insects/Spiders,other,1,0,0,0,0,0
61837,,Anophryoides haemophila,Anophryoides haemophila,Other Invertebrates,other,1,0,0,0,0,0
791,,Anthopotamus myops,Anthopotamus myops,Insects/Spiders,other,1,0,0,0,0,0
4601,,Aphanocapsa sp.,Aphanocapsa sp.,Algae,algae,1,0,0,0,0,0
5588,,Aphelocheirus aestivalis,Aphelocheirus aestivalis,Insects/Spiders,other,1,0,0,0,0,0
5753,,Aphyosemion gardneri,Aphyosemion gardneri,Fish,fish,1,0,0,0,0,0
2213,,Aporrhais pespelecanis,Aporrhais pespelecanis,Molluscs,other,1,0,0,0,0,0
5404,,Arctopsyche ladogensis,Arctopsyche ladogensis,Insects/Spiders,other,1,0,0,0,0,0
804,,Argia apicalis,Argia apicalis,Insects/Spiders,other,1,0,0,0,0,0
4545,,Ascidiella aspersa,Ascidiella aspersa,Other Invertebrates,other,1,0,0,0,0,0
1939,,Ascidiella scabra,Ascidiella scabra,Other Invertebrates,other,1,0,0,0,0,0
871,,Asplanchna girodi,Asplanchna girodi,Other Invertebrates,other,1,0,0,0,0,0
9955,,Asplanchna sieboldi,Asplanchna sieboldi,Other Invertebrates,other,1,0,0,0,0,0
41792,,Baetis harrisoni,Baetis harrisoni,Insects/Spiders,other,1,0,0,0,0,0
794,,Baetisca lacustris,Baetisca lacustris,Insects/Spiders,other,1,0,0,0,0,0
5837,,Barentsia matsushimana,Barentsia matsushimana,Other Invertebrates,other,1,0,0,0,0,0
741,,Basiaeschna janata,Basiaeschna janata,Insects/Spiders,other,1,0,0,0,0,0
17253,,Belostoma flumineum,Belostoma flumineum,Insects/Spiders,other,1,0,0,0,0,0
1537,,Berosus sp.,Berosus sp.,Insects/Spiders,other,1,0,0,0,0,0
849,,Berosus styliferus,Berosus styliferus,Insects/Spiders,other,1,0,0,0,0,0
18436,,Bithynia siamensis ssp. siamensis,Bithynia siamensis ssp. siamensis,Molluscs,other,1,0,0,0,0,0
16529,,Boeckosimus sp.,Boeckosimus sp.,Crustaceans,crusta,1,0,0,0,0,0
883,,Brevoortia patronus,Brevoortia patronus,Fish,fish,1,0,0,0,0,0
32347,,Bufo arabicus,Bufo arabicus,Amphibians,other,1,0,0,0,0,0
7421,,Caecidotea intermedia,Caecidotea intermedia,Crustaceans,crusta,1,0,0,0,0,0
5251,,Caenis moesta,Caenis moesta,Insects/Spiders,other,1,0,0,0,0,0
16547,,Calanus hyperboreus,Calanus hyperboreus,Crustaceans,crusta,1,0,0,0,0,0
1717,,Calothrix braunii,Calothrix braunii,Algae,algae,1,0,0,0,0,0
1999,,Carteria sp.,Carteria sp.,Algae,algae,1,0,0,0,0,0
4405,,Cavinula variostriata,Cavinula variostriata,Algae,algae,1,0,0,0,0,0
31610,,Centrolene prosoblepon,Centrolene prosoblepon,Amphibians,other,1,0,0,0,0,0
11641,,Cephalopholis cruentata,Cephalopholis cruentata,Fish,fish,1,0,0,0,0,0
1002,,Cerastoderma glaucum,Cerastoderma glaucum,Molluscs,other,1,0,0,0,0,0
18223,,Chaetoceros ingolfianum,Chaetoceros ingolfianum,Algae,algae,1,0,0,0,0,0
18587,,Chaetocorophium lucasi,Chaetocorophium lucasi,Crustaceans,crusta,1,0,0,0,0,0
1565,,Chaetogaster diaphanus,Chaetogaster diaphanus,Worms,other,1,0,0,0,0,0
16527,,Chaetognatha,Chaetognatha,Worms,other,1,0,0,0,0,0
4743,,Chalcalburnus chalcoides,Chalcalburnus chalcoides,Fish,fish,1,0,0,0,0,0
17086,,Chamaesiphon polymorphus,Chamaesiphon polymorphus,Algae,algae,1,0,0,0,0,0
17092,,Chamaesiphon subglobosum,Chamaesiphon subglobosum,Algae,algae,1,0,0,0,0,0
10357,,Chimarra aterrima,Chimarra aterrima,Insects/Spiders,other,1,0,0,0,0,0
4556,,Chimarra marginata,Chimarra marginata,Insects/Spiders,other,1,0,0,0,0,0
16771,,Chironomus annularis,Chironomus annularis,Insects/Spiders,other,1,0,0,0,0,0
20266,,Chironomus maddeni,Chironomus maddeni,Insects/Spiders,other,1,0,0,0,0,0
56611,,Chitala ornata,Chitala ornata,Fish,fish,1,0,0,0,1,0
28877,,Chlamys farreri,Chlamys farreri,Molluscs,other,1,0,0,0,0,0
20352,,Chlorococcum littorale,Chlorococcum littorale,Algae,algae,1,0,0,0,0,0
626,,Chrysops carbonarius,Chrysops carbonarius,Insects/Spiders,other,1,0,0,0,0,0
7209,,Cichlidae,Cichlidae,Fish,fish,1,0,0,0,0,0
705,,Cipangopaludina japonica,Cipangopaludina japonica,Molluscs,other,1,0,0,0,0,0
9746,,Clariidae,Clariidae,Fish,fish,1,0,0,0,0,0
5883,,Clibanarius humilis,Clibanarius humilis,Crustaceans,crusta,1,0,0,0,0,0
2903,,Closterium lanceolatum,Closterium lanceolatum,Algae,algae,1,0,0,0,0,0
1576,,Clupeidae,Clupeidae,Fish,fish,1,0,0,0,0,0
16344,,Cochliobolus lunatus,Cochliobolus lunatus,Fungi,other,1,0,0,0,0,0
4384,,Coelastrum morus,Coelastrum morus,Algae,algae,1,0,0,0,0,0
5981,,Coenagrion puella,Coenagrion puella,Insects/Spiders,other,1,0,0,0,0,0
2636,,Conchostraca,Conchostraca,Crustaceans,crusta,1,0,0,0,0,0
1522,,Corisella decolor,Corisella decolor,Insects/Spiders,other,1,0,0,0,0,0
4837,,Corynoneura sp.,Corynoneura sp.,Insects/Spiders,other,1,0,0,0,0,0
547,,Cosmarium botrytis,Cosmarium botrytis,Algae,algae,1,0,0,0,0,0
16440,,Criconema sp.,Criconema sp.,Worms,other,1,0,0,0,0,0
4387,,Cryptomonas ovata,Cryptomonas ovata,Algae,algae,1,0,0,0,0,0
12074,,Ctenophora,Ctenophora,Other Invertebrates,other,1,0,0,0,0,0
1056,,Culex alpicalis,Culex alpicalis,Insects/Spiders,other,1,0,0,0,0,0
4650,,Culex gelidus,Culex gelidus,Insects/Spiders,other,1,0,0,0,0,0
18432,,Culex vishnui,Culex vishnui,Insects/Spiders,other,1,0,0,0,0,0
2460,,Cyanidium caldarium,Cyanidium caldarium,Algae,algae,1,0,0,0,0,0
5155,,Cyclopidae,Cyclopidae,Crustaceans,crusta,1,0,0,0,0,0
34354,,Cyclotella choctawhatcheeana,Cyclotella choctawhatcheeana,Algae,algae,1,0,0,0,0,0
1930,,Cylindrotheca sp.,Cylindrotheca sp.,Algae,algae,1,0,0,0,0,0
1508,,Cypricercus sp.,Cypricercus sp.,Crustaceans,crusta,1,0,0,0,0,0
1716,,Cyprinella whipplei,Cyprinella whipplei,Fish,fish,1,0,0,0,1,0
5215,,Cyprinus sp.,Cyprinus sp.,Fish,fish,1,0,0,0,0,0
48096,,Dadaya macrops,Dadaya macrops,Crustaceans,crusta,1,0,0,0,0,0
11871,,Daphniidae,Daphniidae,Crustaceans,crusta,1,0,0,0,0,0
31608,,Dendropsophus microcephalus,Dendropsophus microcephalus,Amphibians,other,1,0,0,0,0,0
31239,,Diacyclops disjunctus,Diacyclops disjunctus,Crustaceans,crusta,1,0,0,0,0,0
19233,,Diadema antillarum,Diadema antillarum,Other Invertebrates,other,1,0,0,0,0,0
11173,,Diaphanosoma birgei,Diaphanosoma birgei,Crustaceans,crusta,1,0,0,0,0,0
2675,,Diaphanosoma sp.,Diaphanosoma sp.,Crustaceans,crusta,1,0,0,0,0,0
16768,,Diaptomus castor,Diaptomus castor,Crustaceans,crusta,1,0,0,0,0,0
760,,Dictya sp.,Dictya sp.,Insects/Spiders,other,1,0,0,0,0,0
4560,,Didinium nasutum,Didinium nasutum,Other Invertebrates,other,1,0,0,0,0,0
756,,Didymops sp.,Didymops sp.,Insects/Spiders,other,1,0,0,0,0,0
777,,Diplectrona modesta,Diplectrona modesta,Insects/Spiders,other,1,0,0,0,0,0
7451,,Ditylenchus sp.,Ditylenchus sp.,Worms,other,1,0,0,0,0,0
16442,,Dolichorhynchus sp.,Dolichorhynchus sp.,Worms,other,1,0,0,0,0,0
23521,,Dreissena sp.,Dreissena sp.,Molluscs,other,1,0,0,0,0,0
119,,Drunella grandis ssp. grandis,Drunella grandis ssp. grandis,Insects/Spiders,other,1,0,0,0,0,0
5286,,Drunella sp.,Drunella sp.,Insects/Spiders,other,1,0,0,0,0,0
16534,,Drupa sp.,Drupa sp.,Molluscs,other,1,0,0,0,0,0
11775,,Dyspanopeus sayi,Dyspanopeus sayi,Crustaceans,crusta,1,0,0,0,0,0
10980,,Echinosphaerium sp.,Echinosphaerium sp.,Other Invertebrates,other,1,0,0,0,0,0
20335,,Echinostoma trivolvis,Echinostoma trivolvis,Worms,other,1,0,0,0,0,0
18270,,Echinostomatidae,Echinostomatidae,Worms,other,1,0,0,0,0,0
726,,Eichhornia sp.,Eichhornia sp.,"Flowers, Trees, Shrubs, Ferns",other,1,0,0,0,0,0
32093,,Elachistocleis bicolor,Elachistocleis bicolor,Amphibians,other,1,0,0,0,0,0
1209,,Elliptio sp.,Elliptio sp.,Molluscs,other,1,0,0,0,0,0
4561,,Enallagma aspersum,Enallagma aspersum,Insects/Spiders,other,1,0,0,0,0,0
5904,,Enchytraeus variatus,Enchytraeus variatus,Worms,other,1,0,0,0,0,0
9767,,Engraulidae,Engraulidae,Fish,fish,1,0,0,0,0,0
31605,,Engystomops pustulosus,Engystomops pustulosus,Amphibians,other,1,0,0,0,0,0
768,,Ensis minor,Ensis minor,Molluscs,other,1,0,0,0,0,0
1345,,Enteromorpha sp.,Enteromorpha sp.,Algae,algae,1,0,0,0,0,0
2741,,Ephemeridae,Ephemeridae,Insects/Spiders,other,1,0,0,0,0,0
5488,,Ephydra gracilis,Ephydra gracilis,Insects/Spiders,other,1,0,0,0,0,0
20378,,Epithemia adnata,Epithemia adnata,Algae,algae,1,0,0,0,0,0
187,,Eristalis sp.,Eristalis sp.,Insects/Spiders,other,1,0,0,0,0,0
21566,,Erpobdella sp.,Erpobdella sp.,Worms,other,1,0,0,0,0,0
2048,,Esocidae,Esocidae,Fish,fish,1,0,0,0,0,0
4420,,Euastrum verrucosum,Euastrum verrucosum,Algae,algae,1,0,0,0,0,0
10771,,Eucyclops serrulatus,Eucyclops serrulatus,Crustaceans,crusta,1,0,0,0,0,0
16770,,Eucypris virens,Eucypris virens,Crustaceans,crusta,1,0,0,0,0,0
1512,,Eudiaptomus graciloides,Eudiaptomus graciloides,Crustaceans,crusta,1,0,0,0,0,0
1524,,Eulimnadia sp.,Eulimnadia sp.,Crustaceans,crusta,1,0,0,0,0,0
11840,,Euplotes moebiusi,Euplotes moebiusi,Other Invertebrates,other,1,0,0,0,0,0
11988,,Eurycea bislineata,Eurycea bislineata,Amphibians,other,1,0,0,0,0,0
19427,,Euthraulus elegans,Euthraulus elegans,Insects/Spiders,other,1,0,0,0,0,0
16571,,Evasterias troschelii,Evasterias troschelii,Other Invertebrates,other,1,0,0,0,0,0
49912,,Farfantepenaeus aztecus,Penaeus aztecus,Crustaceans;Standard Test Species,crusta,1,0,0,0,1,0
19137,,Fejervarya limnocharis,Fejervarya limnocharis,Amphibians,other,1,0,0,0,0,0
18821,,Filinia longiseta,Filinia longiseta,Other Invertebrates,other,1,0,0,0,0,0
5401,,Fucus sp.,Fucus sp.,Algae,algae,1,0,0,0,0,0
458,,Fundulus sp.,Fundulus sp.,Fish,fish,1,0,0,0,0,0
20402,,Galaxea fascicularis,Galaxea fascicularis,Other Invertebrates,other,1,0,0,0,0,0
2966,,Galba truncatula,Galba truncatula,Molluscs,other,1,0,0,0,0,0
711,,Gammarus oceanicus,Gammarus oceanicus,Crustaceans,crusta,1,0,0,0,1,0
183,,Gerris lacustris,Gerris lacustris,Insects/Spiders,other,1,0,0,0,0,0
460,,Gerris remigis,Gerris remigis,Insects/Spiders,other,1,0,0,0,0,0
11842,,Glaucoma scintillans,Glaucoma scintillans,Other Invertebrates,other,1,0,0,0,0,0
30920,,Gloeocapsa crepidinum,Gloeocapsa crepidinum,Algae,algae,1,0,0,0,0,0
30921,,Gloeocapsa sanguinea,Gloeocapsa sanguinea,Algae,algae,1,0,0,0,0,0
30983,,Gloeocapsa sp.,Gloeocapsa sp.,Algae,algae,1,0,0,0,0,0
25248,,Glyceria maxima,Glyceria maxima,"Flowers, Trees, Shrubs, Ferns;U.S. Invasive Species",other,1,0,0,0,0,0
2888,,Glyptotendipes pallens,Glyptotendipes pallens,Insects/Spiders,other,1,0,0,0,0,0
2201,,Gobiidae,Gobiidae,Fish,fish,1,0,0,0,0,0
56782,,Graphoderus fascicollis,Graphoderus fascicollis,Insects/Spiders,other,1,0,0,0,0,0
19839,,Gyraulus convexiusculus,Gyraulus convexiusculus,Molluscs,other,1,0,0,0,0,0
1566,,Haemopis sanguisuga,Haemopis sanguisuga,Worms,other,1,0,0,0,0,0
1641,,Haliotis cracherodii,Haliotis cracherodii,Molluscs;U.S. Threatened and Endangered Species,other,1,0,0,0,0,0
24578,,Haliotis diversicolor,Haliotis diversicolor,Molluscs,other,1,0,0,0,0,0
5348,,Haliotis fulgens,Haliotis fulgens,Molluscs,other,1,0,0,0,0,0
5165,,Haliotis sp.,Haliotis sp.,Molluscs,other,1,0,0,0,0,0
15997,,Haliotis varia,Haliotis varia,Molluscs,other,1,0,0,0,0,0
1430,,Haliplidae,Haliplidae,Insects/Spiders,other,1,0,0,0,0,0
11603,,Haliplus sp.,Haliplus sp.,Insects/Spiders,other,1,0,0,0,0,0
56586,,Hamiota altilis,Hamiota altilis,Molluscs;U.S. Threatened and Endangered Species,other,1,0,0,0,0,0
799,,Helichus striatus,Helichus striatus,Insects/Spiders,other,1,0,0,0,0,0
783,,Helicopsyche borealis,Helicopsyche borealis,Insects/Spiders,other,1,0,0,0,0,0
11065,,Hemibagrus nemurus,Hemibagrus nemurus,Fish,fish,1,0,0,0,1,0
792,,Heptagenia hebe,Heptagenia hebe,Insects/Spiders,other,1,0,0,0,0,0
56783,,Hesperocorixa atopodonta,Hesperocorixa atopodonta,Insects/Spiders,other,1,0,0,0,0,0
34076,,Heterobranchus bidorsalis,Heterobranchus bidorsalis,Fish,fish,1,0,0,0,0,0
20350,,Heterocapsa sp.,Heterocapsa sp.,Algae,algae,1,0,0,0,0,0
2215,,Hiatella arctica,Hiatella arctica,Molluscs,other,1,0,0,0,0,0
1145,,Holocentropus dubius,Holocentropus dubius,Insects/Spiders,other,1,0,0,0,0,0
11844,,Holosticha kessleri,Holosticha kessleri,Other Invertebrates,other,1,0,0,0,0,0
18592,,Hyale crassicornis,Hyale crassicornis,Crustaceans,crusta,1,0,0,0,0,0
1431,,Hydracarina,Hydracarina,Insects/Spiders,other,1,0,0,0,0,0
2249,,Hydrobia ulvae,Hydrobia ulvae,Molluscs,other,1,0,0,0,0,0
4725,,Hydrobia ventrosa,Hydrobia ventrosa,Molluscs,other,1,0,0,0,0,0
12064,,Hydroida,Hydroida,Other Invertebrates,other,1,0,0,0,0,0
5688,,Hydrozetes lacustris,Hydrozetes lacustris,Insects/Spiders,other,1,0,0,0,0,0
10791,,Hyla cinerea,Hyla cinerea,Amphibians,other,1,0,0,0,0,0
1072,,Hynobius retardatus,Hynobius retardatus,Amphibians,other,1,0,0,0,0,0
5352,,Ilyocryptus sp.,Ilyocryptus sp.,Crustaceans,crusta,1,0,0,0,0,0
789,,Isoperla signata,Isoperla signata,Insects/Spiders,other,1,0,0,0,0,0
47499,,Isthmohyla pseudopuma,Isthmohyla pseudopuma,Amphibians,other,1,0,0,0,0,0
5301,,Keratella quadrata,Keratella quadrata,Other Invertebrates,other,1,0,0,0,0,0
10735,,Kiefferulus sp.,Kiefferulus sp.,Insects/Spiders,other,1,0,0,0,0,0
30919,,Komvophoron minutum,Komvophoron minutum,Algae,algae,1,0,0,0,0,0
1367,,Laccophilus sp.,Laccophilus sp.,Insects/Spiders,other,1,0,0,0,0,0
11062,,Laccotrephes sp.,Laccotrephes sp.,Insects/Spiders,other,1,0,0,0,0,0
16378,,Laeonereis acuta,Laeonereis acuta,Worms,other,1,0,0,0,0,0
1099,,Laminaria saccharina,Laminaria saccharina,Algae;Standard Test Species,algae,1,0,0,0,0,0
48095,,Latonopsis fasciculata,Latonopsis fasciculata,Crustaceans,crusta,1,0,0,0,0,0
50245,,Lecane cornuta,Lecane cornuta,Other Invertebrates,other,1,0,0,0,0,0
43792,,Lekanesphaera rugicauda,Lekanesphaera rugicauda,Crustaceans,crusta,1,0,0,0,0,0
16314,,Lepadella patella,Lepadella patella,Other Invertebrates,other,1,0,0,0,0,0
46384,,Lepeophtheirus mugiloidis,Lepeophtheirus mugiloidis,Crustaceans,crusta,1,0,0,0,0,0
447,,Lepidochitona cinerea,Lepidochitona cinerea,Molluscs,other,1,0,0,0,0,0
2211,,Lepidonotus squamatus,Lepidonotus squamatus,Worms,other,1,0,0,0,0,0
782,,Lepidostoma griseum,Lepidostoma griseum,Insects/Spiders,other,1,0,0,0,0,0
153,,Leptocerus aterrimus,Leptocerus aterrimus,Insects/Spiders,other,1,0,0,0,0,0
53006,,Leptodactylus fuscus,Leptodactylus fuscus,Amphibians,other,1,0,0,0,0,0
795,,Leptophlebia cupida,Leptophlebia cupida,Insects/Spiders,other,1,0,0,0,0,0
10736,,Lestes sp.,Lestes sp.,Insects/Spiders,other,1,0,0,0,0,0
4754,,Lestes unguiculatus,Lestes unguiculatus,Insects/Spiders,other,1,0,0,0,0,0
2117,,Leucorrhinia sp.,Leucorrhinia sp.,Insects/Spiders,other,1,0,0,0,0,0
1285,,Leuctra sp.,Leuctra sp.,Insects/Spiders,other,1,0,0,0,0,0
43999,,Levanderina fissa,Levanderina fissa,Algae,algae,1,0,0,0,0,0
1375,,Libellulidae,Libellulidae,Insects/Spiders,other,1,0,0,0,0,0
1059,,Limnodrilus udekemianus,Limnodrilus udekemianus,Worms,other,1,0,0,0,0,0
4814,,Lithobates blairi,Lithobates blairi,Amphibians,other,1,0,0,0,0,0
5366,,Lithobates clamitans ssp. melanota,Lithobates clamitans ssp. melanota,Amphibians,other,1,0,0,0,0,0
1919,,Littorina obtusata,Littorina obtusata,Molluscs,other,1,0,0,0,0,0
11830,,Loxodes striatus,Loxodes striatus,Other Invertebrates,other,1,0,0,0,0,0
793,,Maccaffertium vicarium,Maccaffertium vicarium,Insects/Spiders,other,1,0,0,0,0,0
20192,,Macrobrachium lamarrei ssp. lamarrei,Macrobrachium lamarrei ssp. lamarrei,Crustaceans,crusta,1,0,0,0,0,0
622,,Macrostemum sp.,Macrostemum sp.,Insects/Spiders,other,1,0,0,0,0,0
734,,Maia squinado,Maia squinado,Crustaceans,crusta,1,0,0,0,0,0
25802,,Mansonia uniformis,Mansonia uniformis,Insects/Spiders,other,1,0,0,0,0,0
41053,,Marilia sp.,Marilia sp.,Insects/Spiders,other,1,0,0,0,0,0
4815,,Mastacembelus pancalus,Mastacembelus pancalus,Fish,fish,1,0,0,0,0,0
34314,,Megalodiscus sp.,Megalodiscus sp.,Worms,other,1,0,0,0,0,0
1563,,Mesostoma ehrenbergii,Mesostoma ehrenbergii,Worms,other,1,0,0,0,0,0
781,,Micrasema rusticum,Micrasema rusticum,Insects/Spiders,other,1,0,0,0,0,0
19428,,Micronecta annae,Micronecta annae,Insects/Spiders,other,1,0,0,0,0,0
17083,,Microthamnion kuetzingianum,Microthamnion kuetzingianum,Algae,algae,1,0,0,0,0,0
2312,,Monoculodes edwardsi,Monoculodes edwardsi,Crustaceans,crusta,1,0,0,0,0,0
20325,,Monodonta lineata,Monodonta lineata,Molluscs,other,1,0,0,0,0,0
17243,,Monoporeia affinis,Monoporeia affinis,Crustaceans,crusta,1,0,0,0,0,0
1362,,Monostyla quadridentata,Monostyla quadridentata,Other Invertebrates,other,1,0,0,0,0,0
4661,,Montastraea annularis,Montastraea annularis,Other Invertebrates,other,1,0,0,0,0,0
4796,,Montastraea cavernosa,Montastraea cavernosa,Other Invertebrates,other,1,0,0,0,0,0
961,,Myriophyllum alterniflorum,Myriophyllum alterniflorum,"Flowers, Trees, Shrubs, Ferns",other,1,0,0,0,0,0
5495,,Mystacides sp.,Mystacides sp.,Insects/Spiders,other,1,0,0,0,0,0
832,,Mytilus sp.,Mytilus sp.,Molluscs,other,1,0,0,0,0,0
59251,,Naegleria lovaniensis,Naegleria lovaniensis,Other Invertebrates,other,1,0,0,0,0,0
44202,,Nassarius dorsatus,Nassarius dorsatus,Molluscs,other,1,0,0,0,0,0
59637,,Nassula variabilis,Nassula variabilis,Other Invertebrates,other,1,0,0,0,0,0
40909,,Navicula lanceolata,Navicula lanceolata,Algae,algae,1,0,0,0,0,0
1621,,Nectopsyche albida,Nectopsyche albida,Insects/Spiders,other,1,0,0,0,0,0
788,,Nemoura trispinosa,Nemoura trispinosa,Insects/Spiders,other,1,0,0,0,0,0
2873,,Neosilurus sp.,Neosilurus sp.,Fish,fish,1,0,0,0,0,0
2084,,Neotrigonia margaritacea,Neotrigonia margaritacea,Molluscs,other,1,0,0,0,0,0
394,,Nereis glandicincta,Nereis glandicincta,Worms,other,1,0,0,0,0,0
18394,,Neurocordulia virginiensis,Neurocordulia virginiensis,Insects/Spiders,other,1,0,0,0,0,0
1084,,Nitzschia minutula,Nitzschia minutula,Algae,algae,1,0,0,0,0,0
65149,,Nostoc minutum,Nostoc minutum,Algae,algae,1,0,0,0,0,0
1149,,Notonecta unifasciata,Notonecta unifasciata,Insects/Spiders,other,1,0,0,0,0,0
704,,Notophthalmus viridescens,Notophthalmus viridescens,Amphibians,other,1,0,0,0,0,0
2635,,Notostraca,Notostraca,Crustaceans,crusta,1,0,0,0,0,0
42927,,Octopus bimaculoides,Octopus bimaculoides,Molluscs,other,1,0,0,0,0,0
42910,,Octopus joubini,Octopus joubini,Molluscs,other,1,0,0,0,0,0
42911,,Octopus maya,Octopus maya,Molluscs,other,1,0,0,0,0,0
11027,,Octopus pallidus,Octopus pallidus,Molluscs,other,1,0,0,0,0,0
412,,Oedogonium cardiacum,Oedogonium cardiacum,Algae,algae,1,0,0,0,1,0
46994,,Oikopleura dioica,Oikopleura dioica,Other Invertebrates,other,1,0,0,0,0,0
11934,,Oncomelania quadrasi,Oncomelania quadrasi,Molluscs,other,1,0,0,0,0,0
2547,2547:11660,Oncorhynchus gilae,Oncorhynchus gilae,Fish;U.S. Threatened and Endangered Species,fish,1,0,0,0,1,1
5780,90:5780,Oncorhynchus nerka ssp. kennerlyi,Oncorhynchus nerka ssp. kennerlyi,Fish,fish,1,0,0,0,0,0
1572,,Ophiothrix spiculata,Ophiothrix spiculata,Other Invertebrates,other,1,0,0,0,0,0
1039,,Pachymetopon blochii,Pachymetopon blochii,Fish,fish,1,0,0,0,1,0
16550,,Palaemon serenus,Palaemon serenus,Crustaceans,crusta,1,0,0,0,0,0
34553,20372:34553,Panulirus homarus ssp. homarus,Panulirus homarus ssp. homarus,Crustaceans,crusta,1,0,0,0,0,0
2388,,Paraleptophlebia praepedita,Paraleptophlebia praepedita,Insects/Spiders,other,1,0,0,0,0,0
1061,,Paraleptophlebia submarginata,Paraleptophlebia submarginata,Insects/Spiders,other,1,0,0,0,0,0
1045,,Paramecium putrinum,Paramecium putrinum,Other Invertebrates,other,1,0,0,0,0,0
4694,,Paramecium tetraurelia,Paramecium tetraurelia,Other Invertebrates,other,1,0,0,0,0,0
16365,,Paramoera walkeri,Paramoera walkeri,Crustaceans,crusta,1,0,0,0,0,0
53256,,Paratanytarsus dissimilis,Paratanytarsus dissimilis,Insects/Spiders,other,1,0,0,0,0,0
145,,Parhyale hawaiensis,Parhyale hawaiensis,Crustaceans,crusta,1,0,0,0,1,0
2154,,Patella vulgata,Patella vulgata,Molluscs,other,1,0,0,0,0,0
990,,Pecten maximus,Pecten maximus,Molluscs,other,1,0,0,0,0,0
623,,Pedicia sp.,Pedicia sp.,Insects/Spiders,other,1,0,0,0,0,0
527,,Penaeus kerathurus,Penaeus kerathurus,Crustaceans,crusta,1,0,0,0,0,0
17584,,Periophthalmodon schlosseri,Periophthalmodon schlosseri,Fish,fish,1,0,0,0,1,0
785,,Perlesta placida,Perlesta placida,Insects/Spiders,other,1,0,0,0,0,0
443,,Phialidium sp.,Phialidium sp.,Other Invertebrates,other,1,0,0,0,0,0
17090,,Phormidium jenkelianum,Phormidium jenkelianum,Algae,algae,1,0,0,0,0,0
17089,,Phormidium molle,Phormidium molle,Algae,algae,1,0,0,0,0,0
52467,,Physalaemus albonotatus,Physalaemus albonotatus,Amphibians,other,1,0,0,0,0,0
56265,,Physalaemus gracilis,Physalaemus gracilis,Amphibians,other,1,0,0,0,0,0
53007,,Physalaemus nattereri,Physalaemus nattereri,Amphibians,other,1,0,0,0,0,0
32091,,Physalaemus santafecinus,Physalaemus santafecinus,Amphibians,other,1,0,0,0,0,0
10313,,Physella hendersoni,Physella hendersoni,Molluscs,other,1,0,0,0,0,0
9848,,Pimelodidae,Pimelodidae,Fish,fish,1,0,0,0,0,0
10320,,Planorbella duryi,Planorbella duryi,Molluscs,other,1,0,0,0,0,0
17571,,Plathemis lydia,Plathemis lydia,Insects/Spiders,other,1,0,0,0,0,0
1775,,Plectomerus sp.,Plectomerus sp.,Molluscs,other,1,0,0,0,0,0
17088,,Plectonema radiosum,Plectonema radiosum,Algae,algae,1,0,0,0,0,0
442,,Pleurobrachia pileus,Pleurobrachia pileus,Other Invertebrates,other,1,0,0,0,0,0
10895,,Pleuroceridae,Pleuroceridae,Molluscs,other,1,0,0,0,0,0
2721,,Pleuroxus sp.,Pleuroxus sp.,Crustaceans,crusta,1,0,0,0,0,0
1136,,Poecilia sphenops,Poecilia sphenops,Fish,fish,1,0,0,0,0,0
59436,,Poecilus cupreus,Poecilus cupreus,Insects/Spiders,other,1,0,0,0,0,0
5675,,Polinices sordidus,Polinices sordidus,Molluscs,other,1,0,0,0,0,0
2206,,Polydora sp.,Polydora sp.,Worms,other,1,0,0,0,0,0
17226,,Pomacea patula,Pomacea patula,Molluscs,other,1,0,0,0,0,0
516,,Pontoporeia affinis,Pontoporeia affinis,Crustaceans,crusta,1,0,0,0,0,0
43651,,Porites divaricata,Porites divaricata,Other Invertebrates,other,1,0,0,0,0,0
1324,,Potamogeton nodosus,Potamogeton nodosus,"Flowers, Trees, Shrubs, Ferns",other,1,0,0,0,0,0
20359,,Prasinococcus sp.,Prasinococcus sp.,Algae,algae,1,0,0,0,0,0
5311,,Pristina longiseta,Pristina longiseta,Worms,other,1,0,0,0,0,0
20708,,Proasellus sp.,Proasellus sp.,Crustaceans,crusta,1,0,0,0,0,0
6060,406:6060,Procambarus acutus,Procambarus acutus,Crustaceans,crusta,1,0,0,0,1,0
452,,Procambarus alleni,Procambarus alleni,Crustaceans,crusta,1,0,0,0,0,0
44264,,Procambarus fallax f. virginalis,Procambarus fallax f. virginalis,Crustaceans,crusta,1,0,0,0,0,0
10321,,Procambarus paeninsulanus,Procambarus paeninsulanus,Crustaceans,crusta,1,0,0,0,0,0
671,,Prorocentrum micans,Prorocentrum micans,Algae,algae,1,0,0,0,0,0
20396,,Proteomonas sulcata,Proteomonas sulcata,Algae,algae,1,0,0,0,0,0
7578,,Pseudhalenchus sp.,Pseudhalenchus sp.,Worms,other,1,0,0,0,0,0
16456,,Psilenchus sp.,Psilenchus sp.,Worms,other,1,0,0,0,0,0
17351,,Ptychadena bibroni,Ptychadena bibroni,Amphibians,other,1,0,0,0,0,0
19419,,Pycnopsyche lepida,Pycnopsyche lepida,Insects/Spiders,other,1,0,0,0,0,0
4640,,Raja eglanteria,Raja eglanteria,Fish,fish,1,0,0,0,0,0
1071,,Rana chensinensis,Rana chensinensis,Amphibians,other,1,0,0,0,0,0
960,,Ranunculus penicillatus,Ranunculus penicillatus,"Flowers, Trees, Shrubs, Ferns",other,1,0,0,0,0,0
1178,,Rheotanytarsus sp.,Rheotanytarsus sp.,Insects/Spiders,other,1,0,0,0,0,0
27862,,Rhinella sp.,Rhinella sp.,Amphibians,other,1,0,0,0,0,0
6064,1518:6064,Rhodeus sericeus,Rhodeus sericeus,Fish,fish,1,0,0,0,1,0
29010,,Robertgurneya hopkinsi,Robertgurneya hopkinsi,Crustaceans,crusta,1,0,0,0,0,0
10315,,Scaphiopus holbrookii,Scaphiopus holbrookii,Amphibians,other,1,0,0,0,0,0
1481,,Scenedesmus basiliensis,Scenedesmus basiliensis,Algae,algae,1,0,0,0,0,0
33403,,Scenedesmus obtusus,Scenedesmus obtusus,Algae,algae,1,0,0,0,0,0
61899,,Sclerophrys maculata,Sclerophrys maculata,Amphibians,other,1,0,0,0,0,0
50104,,Scylla paramamosain,Scylla paramamosain,Crustaceans,crusta,1,0,0,0,1,0
19790,,Scytonema multiramosum,Scytonema multiramosum,Algae,algae,1,0,0,0,0,0
4344,,Senna tora,Senna tora,"Flowers, Trees, Shrubs, Ferns",other,1,0,0,0,0,0
39951,,Sepiella japonica,Sepiella japonica,Molluscs,other,1,0,0,0,0,0
580,,Serranus scriba,Serranus scriba,Fish,fish,1,0,0,0,0,0
10297,,Siluriformes,Siluriformes,Fish,fish,1,0,0,0,0,0
5720,,Simulium janzi,Simulium janzi,Insects/Spiders,other,1,0,0,0,0,0
6093,,Skwala parallela,Skwala parallela,Insects/Spiders,other,1,0,0,0,0,0
47500,,Smilisca baudinii,Smilisca baudinii,Amphibians,other,1,0,0,0,0,0
2293,,Somatochlora cingulata,Somatochlora cingulata,Insects/Spiders,other,1,0,0,0,0,0
41796,,Somatogyrus virginicus,Somatogyrus virginicus,Molluscs,other,1,0,0,0,0,0
30584,,Soyedina carolinensis,Soyedina carolinensis,Insects/Spiders,other,1,0,0,0,0,0
1040,,Sparidae,Sparidae,Fish,fish,1,0,0,0,0,0
5414,,Sparus macrocephalus,Sparus macrocephalus,Fish,fish,1,0,0,0,0,0
10989,,Sphaerodema sp.,Sphaerodema sp.,Insects/Spiders,other,1,0,0,0,0,0
1503,,Spirogyra sp.,Spirogyra sp.,Algae,algae,1,0,0,0,0,0
5967,,Spirorbis sp.,Spirorbis sp.,Worms,other,1,0,0,0,0,0
5316,,Stagnicola elodes,Stagnicola elodes,Molluscs,other,1,0,0,0,0,0
3054,,Stenonema modestum,Stenonema modestum,Insects/Spiders,other,1,0,0,0,0,0
24780,,Stigeoclonium amoenum,Stigeoclonium amoenum,Algae,algae,1,0,0,0,0,0
11850,,Stylonychia pustulata,Stylonychia pustulata,Other Invertebrates,other,1,0,0,0,0,0
58004,,Sulcospira hainanensis,Sulcospira hainanensis,Molluscs,other,1,0,0,0,0,0
167,,Sympetrum flaveolum,Sympetrum flaveolum,Insects/Spiders,other,1,0,0,0,0,0
5663,,Tanypus bilobatus,Tanypus bilobatus,Insects/Spiders,other,1,0,0,0,0,0
44107,,Tanytarsus flumineus,Tanytarsus flumineus,Insects/Spiders,other,1,0,0,0,0,0
10853,,Tapes pullastra,Tapes pullastra,Molluscs,other,1,0,0,0,0,0
2212,,Tectura testudinalis,Tectura testudinalis,Molluscs,other,1,0,0,0,0,0
49480,,Tetradesmus obliquus,Tetradesmus obliquus,Algae,algae,1,0,0,0,0,0
65815,,Tetrahymena americanis,Tetrahymena americanis,Other Invertebrates,other,1,0,0,0,0,0
65818,,Tetrahymena borealis,Tetrahymena borealis,Other Invertebrates,other,1,0,0,0,0,0
65821,,Tetrahymena canadensis,Tetrahymena canadensis,Other Invertebrates,other,1,0,0,0,0,0
65817,,Tetrahymena corlissi,Tetrahymena corlissi,Other Invertebrates,other,1,0,0,0,0,0
65820,,Tetrahymena mimbres,Tetrahymena mimbres,Other Invertebrates,other,1,0,0,0,0,0
65816,,Tetrahymena mobilis,Tetrahymena mobilis,Other Invertebrates,other,1,0,0,0,0,0
5748,,Tetrahymena pigmentosa,Tetrahymena pigmentosa,Other Invertebrates,other,1,0,0,0,0,0
65814,,Tetrahymena shanghaiensis,Tetrahymena shanghaiensis,Other Invertebrates,other,1,0,0,0,0,0
65819,,Tetrahymena tropicalis,Tetrahymena tropicalis,Other Invertebrates,other,1,0,0,0,0,0
18225,,Tetraselmis contracta,Tetraselmis contracta,Algae,algae,1,0,0,0,0,0
26150,,Texadina sp.,Texadina sp.,Molluscs,other,1,0,0,0,0,0
299,,Thalassiosira guillardii,Thalassiosira guillardii,Algae,algae,1,0,0,0,0,0
2854,,Theodoxus fluviatilis,Theodoxus fluviatilis,Molluscs,other,1,0,0,0,0,0
19416,,Tipula abdominalis,Tipula abdominalis,Insects/Spiders,other,1,0,0,0,0,0
5409,,Tisbe furcata,Tisbe furcata,Crustaceans,crusta,1,0,0,0,0,0
11320,,Trachelomonas sp.,Trachelomonas sp.,Algae,algae,1,0,0,0,0,0
1214,,Tresus sp.,Tresus sp.,Molluscs,other,1,0,0,0,0,0
16722,,Triaenodes sp.,Triaenodes sp.,Insects/Spiders,other,1,0,0,0,0,0
17209,,Triaenophorus nodulosus,Triaenophorus nodulosus,Worms,other,1,0,0,0,0,0
18930,,Triceratium dubium,Triceratium dubium,Algae,algae,1,0,0,0,0,0
16316,,Trichocerca pusilla,Trichocerca pusilla,Other Invertebrates,other,1,0,0,0,0,0
16389,,Tridacna squamosa,Tridacna squamosa,Molluscs,other,1,0,0,0,0,0
5605,,Triturus carnifex,Triturus carnifex,Amphibians,other,1,0,0,0,0,0
5681,,Tubifex rivulorum,Tubifex rivulorum,Worms,other,1,0,0,0,0,0
47037,,Tursiops sp.,Tursiops sp.,Mammals,other,1,0,0,0,0,0
11021,,Tylolaimophorus sp.,Tylolaimophorus sp.,Worms,other,1,0,0,0,0,0
48156,,Unio ravoisieri,Unio ravoisieri,Molluscs,other,1,0,0,0,0,0
244,,Unio tumidus,Unio tumidus,Molluscs,other,1,0,0,0,0,0
2087,,Unionicola crassipes,Unionicola crassipes,Insects/Spiders,other,1,0,0,0,0,0
56585,,Utterbackia suborbiculata,Utterbackia suborbiculata,Molluscs,other,1,0,0,0,0,0
5673,,Villorita cyprinoides,Villorita cyprinoides,Molluscs,other,1,0,0,0,0,0
1863,,Zannichellia palustris,Zannichellia palustris,"Flowers, Trees, Shrubs, Ferns",other,1,0,0,0,0,0
2858,,Zosterisessor ophiocephalus,Zosterisessor ophiocephalus,Fish,fish,1,0,0,0,0,0
302,302,Palaemonetes pugio,Palaemonetes pugio,Crustaceans;Standard Test Species,crusta,0,562,1,0,0,1
548,548,Navicula pelliculosa,Navicula pelliculosa,,other,0,69,1,0,0,0
361,361,Orconectes virilis,Orconectes virilis,,other,0,33,1,0,0,0
16177,16177,Etheostoma rubrum,Etheostoma rubrum,Fish;U.S. Threatened and Endangered Species,fish,0,19,1,0,1,0
1582,1582,Astacus leptodactylus,Astacus leptodactylus,,other,0,5,1,0,1,0
248,248,Orconectes rusticus,Orconectes rusticus,,other,0,2,1,0,0,0
